unique_id,hurst,series_length,unitroot_pp,unitroot_kpss,hw_alpha,hw_beta,hw_gamma,stability,nperiods,seasonal_period,trend,spike,linearity,curvature,e_acf1,e_acf10,x_pacf5,diff1x_pacf5,diff2x_pacf5,nonlinearity,lumpiness,alpha,beta,arch_acf,garch_acf,arch_r2,garch_r2,flat_spots,entropy,crossing_points,arch_lm,x_acf1,x_acf10,diff1_acf1,diff1_acf10,diff2_acf1,diff2_acf10
store_1,1.0245989503596145,241,-2.3373609781584443,2.327621719836471,0.0,0.0,0.0,0.9639969709689097,0,1,0.9588556294089783,1.0691211485375e-07,-10.041125974192514,3.477619826678581,0.6748715731208285,0.8648988925044627,0.9596275900936011,0.023287798284540168,0.43739703465669044,0.002029272052319851,0.003273860828053535,0.9999999850988359,1.9195964932258192e-16,0.0,0.0,0.0,0.0,23,0.4121639046584779,13,0.9018904499205307,0.9739758505543322,7.239259927591944,0.12345761818402737,0.04366061791142236,-0.4306592599888288,0.22985773794227266
store_10,0.8584082602240594,241,-1.1185249769918444,1.8405099399030693,0.0,0.0,0.0,0.9714397280445629,0,1,0.972921224956066,3.213469755588583e-08,9.424634613565042,3.7030966888062946,0.5933449462778606,0.7116894214403078,0.9549544642087557,0.015030598655615304,0.4911922275670327,0.12188439755219485,0.003421826223952576,0.9649260532682473,3.793598206757633e-12,0.0,0.0,0.0,0.0,18,0.38734524239528323,21,0.9307915209973041,0.9756468658751409,7.398838398726207,-0.03974556142031592,0.05386732677569662,-0.5507586607161958,0.3332110657564602
store_100,0.8879077297799457,241,-1.0619367830603696,3.035459912992159,0.0,0.0,0.0,0.9429453477610141,0,1,0.9484462268584117,9.023746094743165e-08,11.131756469482912,8.92503288843109,0.4912234046647141,0.4482186733471747,0.9573798676785529,0.0541432929326304,0.6037817048172675,0.2474903810742271,0.0034536066789710614,0.8280161517689764,1.1565290289502244e-13,0.0,0.0,0.0,0.0,16,0.38282463730281263,13,0.9261497946571366,0.9584351300586164,6.986779307847852,-0.1040616352580511,0.06211345989513431,-0.4644515615984198,0.253439903954074
store_11,0.9874535447939666,241,-6.931231814356545,0.7789513810148412,0.0,0.0,0.0,0.871794537379569,0,1,0.8931902595929706,4.252483100798929e-07,-0.5907027726490901,-11.048467123819476,0.620503976027701,1.0561254493758174,0.902850225086872,0.04813877645561893,0.6025184639780681,0.14457172869314577,0.019019499028542313,0.918294956259745,0.0,0.0,0.0,0.0,0.0,8,0.4213345335238834,18,0.7664013812972686,0.9392472437020771,5.406471942507689,-0.06436846080028956,0.06158604429719495,-0.47301325945106504,0.3049566337126112
store_12,0.9453470115406264,241,-1.8149367491800157,0.8986872028933867,0.0,0.0,0.0,0.9745495004410034,0,1,0.974081730724168,3.916212883279296e-08,5.200822788170675,6.990921867484008,0.6492480265714111,0.722381911986395,1.0042400285464332,0.034952279326214426,0.4218301011957473,0.3648371938690389,0.007724761804575576,0.9999999850988388,0.05471272376279505,0.0,0.0,0.0,0.0,31,0.3204046234121592,15,0.9485409380933989,0.9831083387948393,7.902569797551771,0.053985452761155496,0.10489673717817072,-0.5123978820203261,0.40075337318628523
store_13,0.9432834861204291,241,-2.9337269141503675,2.425713207658089,0.0,0.0,0.0,0.9038472566872118,0,1,0.9190273930986397,3.3938260652090127e-07,10.12906008611487,7.662539128722077,0.5451706001608463,0.5931899055079307,0.9474995218713396,0.07964289208198963,0.5970578134785489,0.41163642246280713,0.010649134021477295,0.900164261419575,0.0,0.0,0.0,0.0,0.0,17,0.4832215130158385,50,0.8680701963540494,0.9432681824013902,5.6470178319793165,-0.08670090533847101,0.10866153355641174,-0.5308179563961887,0.43615098835862304
store_14,1.000895877592883,241,-8.683776179908772,1.6294649411757485,0.0,0.0,0.0,0.9164583948532261,0,1,0.9139323099902017,3.387691920420947e-07,7.694738932133592,-7.3066613137277345,0.6649409567407853,0.7343943448521598,0.9265744701579043,0.01413368631497271,0.42494720890337234,0.02941253234365058,0.019489456225167484,0.9999999850988388,5.525942916550801e-13,0.0,0.0,0.0,0.0,19,0.44690193382243004,17,0.827437594417876,0.9573824955904883,6.2705018759837055,0.056643026331612265,0.023140496046287515,-0.48112232642490016,0.23888853731136764
store_15,1.0340832112231215,241,-3.0224668673016155,4.0186948348248395,0.0,0.0,0.0,1.0035910626331486,0,1,0.9676481938469639,6.060184929605404e-08,12.943231655175309,-2.2004580283047344,0.6399119529692224,0.8926958275357234,0.9724566023188229,0.005381117259010249,0.47249581203257984,0.2825486085476215,0.0014456308346610374,0.9661293865247975,2.3733246577418156e-14,0.0,0.0,0.0,0.0,23,0.17246894109339722,17,0.8857215832426008,0.9852688831291,8.64095998418909,-0.031906343077134955,0.03368625015714778,-0.4996805225294876,0.3020507494378891
store_16,0.8656325936119067,241,-6.3464674588049315,2.625701940312855,0.0,0.0,0.0,0.9531227006070021,0,1,0.937234186273418,2.818295061654328e-07,-11.259232493690023,-3.0282226772678906,0.5361711456040944,0.3849177344886144,0.9269971418001013,0.028178019788398102,0.590781381890181,0.2208936624325816,0.009734932009910125,0.887664272020151,2.0869888376523214e-18,0.0,0.0,0.0,0.0,11,0.49063795505781926,21,0.8337140973047508,0.9598849368432428,6.590704206064128,-0.09884140534873864,0.06021174208165031,-0.5244300784487007,0.386161446792197
store_17,1.0338495075400511,241,-6.455051541818726,0.7614956410618146,0.0,0.0,0.0,0.958013421188616,0,1,0.9459225689362109,1.5362578723944501e-07,1.2632089837333538,-10.189579042361867,0.6293849905792875,0.5464100480655433,0.969237315065393,0.022188407385839277,0.42031402645847865,0.1341900491072647,0.011336944988074873,0.9999999850987783,2.9285760121113076e-13,0.0,0.0,0.0,0.0,15,0.3576233476378883,16,0.8524738933305728,0.9753392078048594,7.397325718723884,0.11405767824056955,0.056091639433349424,-0.419057575326027,0.20931372254757455
store_18,1.0408908858147343,241,-0.6003811333437338,4.811398678471491,0.0,0.0,0.0,1.0216157376032258,0,1,0.9925836637799975,2.3100161504285253e-09,15.153172331947031,0.15196700069997504,0.574574591840443,0.5839302786904508,0.9800575939985224,0.020780455089761247,0.47376503683519355,0.12721809086381403,0.00022113682087197392,0.9785268300403732,1.1969600426810584e-15,0.0,0.0,0.0,0.0,37,0.3134749153142004,3,0.9613588963872004,0.987672215350155,8.675284272274743,-0.01603426754906395,0.030466434128537258,-0.4397607437453281,0.22156612737432216
store_19,0.9799334201924981,241,-9.434798249865883,0.6423278262831116,0.0,0.0,0.0,0.901576879963364,0,1,0.9023395735771652,4.096353612525837e-07,-1.440622446582119,-4.71476550877525,0.6606264179212447,1.3539452868888944,0.9445302585748545,0.014332865158306882,0.5230093732579727,0.1384214630248669,0.03334900917379003,0.9443167481339161,0.0,0.0,0.0,0.0,0.0,17,0.4084170017137409,13,0.8183746241533311,0.9632049096071479,6.561134289123753,-0.0616526842089488,0.045289968560951445,-0.5515417831107859,0.31528712211605925
store_2,1.0563362672111734,241,-1.0450073864898917,4.54373026917124,0.0,0.0,0.0,1.0184064929889356,0,1,0.984941522983413,7.396293406510839e-09,14.247800738059368,-1.2563618891559767,0.5618758444275296,0.9622417243731988,0.9866791892145672,0.0416958235095571,0.6243674290473789,0.40699821432336813,0.0002796507059750333,0.8597034586378031,1.2363635736550339e-14,0.0,0.0,0.0,0.0,14,0.16286839022533683,9,0.9060962421499813,0.9880862383709575,8.950505370048816,-0.13311903440946718,0.07772643031387494,-0.5562056293342192,0.40088485260609863
store_20,0.979921346770273,241,-7.745888859337624,0.8639294496352741,0.0,0.0,0.0,0.9254979340260334,0,1,0.9188532684762154,2.469452317198463e-07,3.946329443571242,7.110987339643566,0.6095454133001623,0.6967828430689357,0.9276854545134023,0.004062729494918861,0.5181545401386952,0.43472595702308364,0.02658404733225794,0.9808569391477793,0.0,0.0,0.0,0.0,0.0,12,0.4159697176929769,9,0.7236916651068859,0.9624961810784071,6.801173451937588,-0.018234103289018117,0.023205195225361856,-0.5012158353710436,0.2923876276049139
store_21,1.0457306181478754,241,-11.090006990694622,1.4560293098356645,0.0,0.0,0.0,0.9190906288244661,0,1,0.8865249385237637,5.086623345661291e-07,5.737803892466361,3.97784110689782,0.4576774767736213,0.36297124001648085,0.9400084194543428,0.0780504090123589,0.6052571276632803,0.38538461324908124,0.006759984046500161,0.785180602357662,1.7372658137053107e-12,0.0,0.0,0.0,0.0,20,0.38628501525269837,21,0.6100635339408637,0.9348808814317988,6.595620803666663,-0.16872745059007974,0.09276083406634182,-0.5323433455783038,0.3958476773603163
store_22,0.9568307649774488,241,-3.048368191257744,3.5315487017802005,0.0,0.0,0.0,1.0076290754700665,0,1,0.9799241366172002,1.520056819151822e-08,-12.975026932851913,-0.7490242334076465,0.677478666887162,1.0415993990458345,0.9949943147164636,0.028426393653556946,0.4574133126878642,0.01955782025204128,0.002227354423683614,0.9999999850988388,0.0665160109658474,0.0,0.0,0.0,0.0,41,0.2964161471722542,15,0.9708480996239821,0.9881508219067693,8.47928180908147,0.08550648760556065,0.0445801186337551,-0.5018349751986025,0.2785734604566285
store_23,1.0541287071283287,241,-2.37520336134494,1.5186294027699077,0.0,0.0,0.0,1.0088167943012964,0,1,0.9788348448930247,1.7411663072461067e-08,-5.417404586407605,-10.904023861939178,0.5495346035735826,0.41300569558409317,0.9978916495413356,0.023307388042015893,0.448745021889361,0.26781184342641673,0.0015331864382981174,0.9999999850988388,2.670688399097865e-14,0.0,0.0,0.0,0.0,27,0.18075259439320762,2,0.9024527592393576,0.9891294743459863,8.849852123368777,0.05338741553024552,0.05331848713163642,-0.4085589475994614,0.23132415226992992
store_24,0.9451701229551256,241,-0.2676770661034593,1.6722058261278716,0.0,0.0,0.0,0.9972782374008325,0,1,0.9828976918770702,1.606579332616619e-08,7.401296470506324,9.810164045290916,0.692550067034296,1.0229694751675815,0.9821687742015753,0.034653007769346114,0.444096784603795,0.272303980830467,0.0015751659957449276,0.9999999850988387,0.04629202123714524,0.0,0.0,0.0,0.0,32,0.25057939657789524,14,0.9566722178492204,0.9865077463086052,8.419232018046253,0.15248469273463025,0.06517379772448184,-0.43365556779860226,0.22827267046942776
store_25,1.0102185181226069,241,-2.1236621618380784,3.410287908824155,0.0,0.0,0.0,0.9621134182366435,0,1,0.9599120856856359,9.114225570919822e-08,-12.40410293541506,2.476554518852517,0.6949530524172364,1.0707020054009302,0.9581215388521551,0.024287154051924234,0.436895364376433,0.015085330845356106,0.004686246696828445,0.9999999850988388,0.0,0.0,0.0,0.0,0.0,41,0.4231772618098924,15,0.933294864784601,0.970905124736041,6.881007576575328,0.06513038310316442,0.041684812392300846,-0.5321879696407764,0.3619044734148542
store_26,1.0257702087916782,241,-2.395426881122152,3.9672124458633267,0.0,0.0,0.0,1.016746902739747,0,1,0.983248577776977,9.35365841430737e-09,-13.038739265860663,2.6304953370571416,0.6856629118155785,0.8770440198536607,0.9902382259568122,0.02425424394741436,0.46131367362571235,0.21514207660880708,0.0005341032131909422,0.9999999850988388,1.4747222407384125e-15,0.0,0.0,0.0,0.0,49,0.16904362978057869,9,0.9085564219467442,0.9900345522665529,8.796618885284278,0.11430278988699524,0.04678751823120759,-0.4189498204351694,0.3010368321355855
store_27,1.0584829813447585,241,-0.9705628350995439,4.562470313788522,0.0,0.0,0.0,1.0260431740618556,0,1,0.991718456092196,2.8916474969462747e-09,-14.535982239921967,0.8459098595430081,0.4742676086964267,0.4245369567239109,0.99286695442502,0.08617298036988263,0.6418690608384138,0.39918338369006995,0.00010197236877721709,0.8329085106613395,0.0,0.0,0.0,0.0,0.0,27,0.24959804358426277,3,0.9324364275059613,0.9895856005360792,8.931602392541425,-0.10211140609872686,0.1147853046780706,-0.44239661843258643,0.3540787974254106
store_28,1.039677011273076,241,-4.3861758787221845,3.520008235230564,0.0,0.0,0.0,0.9365276537937993,0,1,0.9397877794489393,1.3135066849279361e-07,-12.555054832550603,0.3755605864305878,0.6268678689129427,0.5776407242082153,0.9384804820833368,0.01649661942952927,0.5446093892255236,0.08826081682768704,0.010618952701942805,0.9825900996028674,0.0,0.0,0.0,0.0,0.0,18,0.3664424449545387,13,0.7716498962451164,0.9618343319298249,6.823324679693922,-0.021075308842501497,0.04480774408473882,-0.5636404361612232,0.4189661271427897
store_29,0.9466416051738539,241,-7.221246062521461,3.545957639537822,0.0,0.0,0.0,0.9564024340522116,0,1,0.9196335785109839,3.1194117472891356e-07,-12.586615585580043,-3.064370419062074,0.667946351521137,1.0616352595201386,0.9537682390024846,0.038667276190937364,0.4633770924658003,0.055453626470871306,0.002902893448781614,0.9999999850987303,9.121114997420692e-13,0.0,0.0,0.0,0.0,16,0.42265436728154343,13,0.8506421876257882,0.967531826142444,6.794760304165623,0.04448449478042697,0.0718058574751799,-0.5007987020045285,0.31640151973042113
store_3,0.979533439688465,241,-10.975745981787862,3.4995348008775546,0.0,0.0,0.0,0.9107058496059605,0,1,0.8810731293020322,7.883078603607421e-07,-12.465116777960727,-2.005071116835798,0.5782190796227247,0.8768874406121505,0.891141390914114,0.022672082411805752,0.4779582692229307,0.11922801025787032,0.024225517450548618,0.9111406715097178,2.0049814731799594e-12,0.0,0.0,0.0,0.0,14,0.4268069940468883,21,0.7151544985598339,0.9431263380375733,6.085587556254705,-0.07522490018380468,0.05218387435667165,-0.5011745219823471,0.2746131578659856
store_30,1.0781718852021254,241,-6.689256183548541,2.641191096416926,0.0,0.0,0.0,0.9504073467357876,0,1,0.9342409237543419,2.0566268406588437e-07,10.39181891601087,-1.9409892795577826,0.614033513262539,0.7158737828869838,0.9763762609125808,0.05012401732103279,0.5743902419232673,0.156195319087787,0.00991597264121435,0.9182567221904292,0.0,0.0,0.0,0.0,0.0,42,0.3645092156562252,21,0.8088710698790589,0.967740499694795,7.232204651399956,-0.10735239594818716,0.05944178187816256,-0.6258685175052136,0.4742713965804385
store_31,1.0283825119133372,241,-6.855852603571852,2.0573869829768223,0.0,0.0,0.0,0.9253954265449768,0,1,0.9164649103900429,2.832698256565575e-07,9.76768193945198,-1.5610047607178188,0.6330140236528867,1.1903967894446157,0.9327416636976148,0.02397711498204197,0.5203568029381612,0.12755768463853584,0.014566120887388418,0.9449209467826667,2.7057559366497575e-18,0.0,0.0,0.0,0.0,30,0.49441562695884,15,0.81410186420693,0.9561972962217041,5.975955524154183,-0.06366893257484182,0.05797734416948433,-0.5689925154448838,0.3962785115708558
store_32,0.9350234357787659,241,-0.5124047572936067,2.5809154281582787,0.0,0.0,0.0,0.9534375851950969,0,1,0.9597957608628032,1.1135458308955137e-07,10.571967622960674,7.528383037626368,0.571490178216841,0.5419406999086268,0.9476488240815584,0.027616876662343127,0.5204131306174068,0.20619049178125792,0.015938152927267583,0.9848680915949453,1.276316852348761e-13,0.0,0.0,0.0,0.0,21,0.3920486704528376,20,0.9425337747925824,0.966922275848185,7.190900707464927,-0.011287867124338076,0.05189164891814408,-0.4431339280932305,0.25380210743296544
store_33,0.9661482762840649,241,-1.4909473111618503,2.463193056266061,0.0,0.0,0.0,0.9999905284179833,0,1,0.9752922173029156,3.21832519329658e-08,-9.434174999096122,-9.141728285674438,0.6478379956001985,1.0607555439057705,0.9950620133325823,0.0033046181925293506,0.4626105782552075,0.2783583646026241,0.001105234918422855,0.9934927885607812,0.0,0.0,0.0,0.0,0.0,39,0.24794762149158434,15,0.932219888048246,0.9858286289763809,8.369412938623299,-0.006706142518160393,0.02429136499760122,-0.49916049219237685,0.28048002377390274
store_34,0.9655188150880741,241,-5.81776907532937,2.160863813702662,0.0,0.0,0.0,0.9847823758978763,0,1,0.9589744228269889,7.558208886362743e-08,-8.695456643370228,9.6450422191224,0.6227218664351979,0.6196787579314641,0.9565629607782856,0.01243836022542931,0.4655675373506527,0.21196417135395612,0.002005029826444148,0.9999999850988388,0.0,0.0,0.0,0.0,0.0,33,0.3161037317583164,26,0.9587322729699214,0.9755129739931759,7.552530629119539,0.05356421851209448,0.03163043455084875,-0.4318275548465999,0.25304541192470803
store_35,0.9752377829802256,241,-5.3333410728048385,2.2009158287671617,0.0,0.0,0.0,0.9754252311893586,0,1,0.9507264531042872,7.448663299722029e-08,9.297428981187497,-0.6791537037591914,0.5899639365749555,0.8802403486329298,1.005930112948144,0.06848968544578315,0.6497271248328581,0.05362769679892818,0.0035951084793432665,0.8867339751278084,0.0,0.0,0.0,0.0,0.0,25,0.3465343068207022,15,0.896425774053449,0.9770940739395737,7.626154687793612,-0.1461112230359804,0.10141824817251702,-0.6398440435904804,0.5812016507293127
store_36,0.9783846002052835,241,-6.336033446575969,2.494135852915586,0.0,0.0,0.0,0.9548231628566947,0,1,0.9424241382574067,1.4757974920040907e-07,10.794756615758105,1.2038928285005979,0.6374248511910067,1.1145849350075505,1.0137432847271364,0.04404769056960012,0.5666432448315282,0.01566428403624077,0.01339097271807484,0.9207705114773539,0.0,0.0,0.0,0.0,0.0,29,0.4135264904680397,13,0.927388534670826,0.9737647594007356,7.0890829192089715,-0.08878534389711604,0.07507230507626468,-0.5577325717795383,0.3879707345788067
store_37,0.9096978424335513,241,-0.9980309287213498,3.6949568120272103,0.0,0.0,0.0,0.9810007370376483,0,1,0.9672569222475563,3.661395123139342e-08,12.946387950594561,6.958909119475578,0.642304887541574,1.1487545971901678,0.9709029429351602,0.03438717070976208,0.4908505563346144,0.3910407698489998,0.0022565413912542594,0.9759990464764072,6.917621717235702e-15,0.0,0.0,0.0,0.0,17,0.3511171419897036,19,0.945231152864907,0.9768878848661654,7.911948942118401,-0.02269477027807949,0.07425760262776102,-0.49754712319479905,0.33387172880321264
store_38,0.8331400957131901,241,2.366070072716094,0.2500127993198038,0.0,0.0,0.0,0.9048771175397801,0,1,0.9628971699698163,5.440224446938816e-08,1.1114403534592159,4.239223757500894,0.5883365772386963,0.6228735232693579,0.9210476421102058,0.0536723142115013,0.5520671682535562,0.25508789636964235,0.010617493295162168,0.9087328911750345,0.08217580487336143,0.0,0.0,0.0,0.0,32,0.46223665524459967,16,0.9699342689687701,0.9512702574526265,5.190290139444819,0.03972233588732771,0.10528365021231864,-0.48254775631127506,0.26440305484018806
store_39,1.0004631204103636,241,-3.8821341153229163,1.2399211626885485,0.0,0.0,0.0,0.9744894620426929,0,1,0.9498208913614565,1.0617884984308311e-07,-3.6386766003243443,12.063284396896023,0.6006865880125134,0.7092364291682947,0.9532808181242636,0.0328869940647941,0.45350914986503754,0.02397023568685905,0.0030039148273560304,0.9999999850988334,8.598311254862848e-15,0.0,0.0,0.0,0.0,13,0.23839163285902024,16,0.8954606926097308,0.9700627692393012,7.426277422192825,0.04577152365844754,0.05255852270798559,-0.40113680004793906,0.24527822275414474
store_4,0.9818203323785217,241,0.4190819285224366,3.9294438782094137,0.0,0.0,0.0,1.0164517108624138,0,1,0.9896254398660123,6.053341257188236e-09,-13.365622509110882,-6.247221611955083,0.5625681220927623,0.6355943119870557,0.9740694022465523,0.028426185275308727,0.5005692507847725,0.6728532965777149,0.00012172782447165034,0.9700375344832837,1.4186093572381664e-16,0.0,0.0,0.0,0.0,28,0.26788679934039045,21,0.9576680746448867,0.9866038706759296,8.664866937784563,-0.02467576465743239,0.03074617117716378,-0.47140371187018754,0.275344094001131
store_40,1.0062070717321374,241,-3.113227167000461,3.8666208255270997,0.0,0.0,0.0,0.9937321048358503,0,1,0.9614912907704107,6.681610563075405e-08,12.99570548266005,2.773294010047919,0.6267578691693388,0.9475777314535337,0.9663010317302888,0.009313277028980424,0.4781660526521895,0.1342663238913227,0.002271029971272647,0.986184905675029,0.0,0.0,0.0,0.0,0.0,21,0.2480351725907607,5,0.8726329453680899,0.9795033303779748,8.10695665897781,-0.012432347103240118,0.036077693615249005,-0.48064577831060856,0.2730601796210739
store_41,1.042477452704343,241,0.13567139807578843,2.507175150916482,0.0,0.0,0.0,0.9911282997420766,0,1,0.9796132235658194,2.0675725959979068e-08,9.282325669842985,10.234233138818459,0.5936776960670664,0.46475420533917144,0.9764401833759986,0.03176652181087579,0.43849535088253294,0.4817963491460785,0.0018452738638804187,0.9999999850984276,2.3938206971946662e-12,0.0,0.0,0.0,0.0,31,0.19914263006015778,8,0.9142328204470287,0.9811701345653191,8.294074260253806,0.09755920591511463,0.044755690616184333,-0.37871375755877884,0.19457539953457023
store_42,0.9194171839542162,241,1.4095733457577908,1.407504176022944,0.0,0.0,0.0,0.9711718912979358,0,1,0.9710858465580644,3.9419992702143994e-08,-6.83015438119541,-10.15282228298333,0.6317482342296998,0.5710542674337741,0.9451052939289731,0.0066602833046027895,0.44519790202527354,0.17996286475491596,0.0014162375497961,0.9999999850988388,0.018306783841323927,0.0,0.0,0.0,0.0,20,0.3518989270159554,18,0.9627007715152166,0.9702259846485614,7.047336931358322,0.04281402459986451,0.033082154199326516,-0.4627728177216878,0.2835469872065037
store_43,0.9972550515699582,241,0.660257168242197,2.7779677363972817,0.0,0.0,0.0,0.9533729500569821,0,1,0.9534843064650426,1.303512876632334e-07,10.471392167920568,10.039818766445574,0.6357784157318721,0.9719411203260835,0.9365566854497962,0.023963961496232776,0.5100575418764932,0.10513805022964967,0.00337588874410433,0.9889157608171549,0.0,0.0,0.0,0.0,0.0,22,0.32606988225134503,16,0.9395303060609121,0.9635563850813026,7.19540665181567,-0.01090864340910423,0.05023146983948213,-0.506833331192831,0.2950454713111782
store_44,0.967812109317179,241,0.2766558325283923,2.950973421432639,0.0,0.0,0.0,0.9931443283388421,0,1,0.9754387707935592,3.110356522234179e-08,11.020598532299005,8.638282485635214,0.771164758909809,2.003617881084787,0.9788895260313661,0.06831138903720517,0.34670142658462105,0.17331177124901279,0.0015385366808063575,0.9999999850988388,0.0,0.0,0.0,0.0,0.0,17,0.3266859349384716,7,0.9614228677931862,0.9818258662618301,7.982449972104197,0.1635924662000361,0.11969206449573988,-0.46269248128024093,0.2773107670562284
store_45,0.9136903298187126,241,-6.517026538938828,2.7023456440474054,0.0,0.0,0.0,0.9716661593650444,0,1,0.9481536118419429,1.5706458281535836e-07,-11.030842127510942,-1.0302873833509947,0.6458268436269852,0.7748292581955112,0.9684476211560964,0.014359123577248611,0.5039678054762265,0.03592310472642471,0.010627238513600623,0.9939155809893514,5.1721604103264374e-14,0.0,0.0,0.0,0.0,18,0.3706500705520847,23,0.925985798843286,0.9753409467675689,7.2589354089258755,-0.006410749817088729,0.024553980496974236,-0.5151660322457824,0.2926085626867974
store_46,1.0182678139517425,241,-0.3920294807600233,4.247938173049765,0.0,0.0,0.0,1.0193155226117623,0,1,0.9909543275144371,3.845980726822649e-09,-14.16738865509606,-4.210677893802008,0.5813418900798378,0.481677194151705,0.9879020320238481,0.021592348875094976,0.4781211735390422,0.14505910725433013,0.000699977340417059,0.9999999850988317,4.599035344502356e-14,0.0,0.0,0.0,0.0,33,0.29873462510228327,15,0.9809089478611766,0.9899886080369215,8.79458033941443,0.02607085003310553,0.043553463362348846,-0.4951345199246232,0.32949319298598917
store_47,1.067205055642434,241,-3.8020776661762046,1.0801669953572988,0.0,0.0,0.0,0.9910033810053333,0,1,0.9706614087143046,5.1297648144443973e-08,-0.9475140840114876,-12.282430722190629,0.6265274735740503,0.8426661164485164,0.9923937979262474,0.03153509980239984,0.5732968968843403,0.03507851041655834,0.003583034253326986,0.9426619745311128,0.0,0.0,0.0,0.0,0.0,30,0.1851985827423241,6,0.8924461841332362,0.9853408464872487,8.34054041646778,-0.06840738416791818,0.042595489343270045,-0.5784881843191132,0.37792009389957226
store_48,0.8913221377661278,241,-7.906899991575565,0.5124622867135181,0.0,0.0,0.0,0.879830391143528,0,1,0.8946668663357393,3.834938358940172e-07,2.337429031302464,7.590089964133912,0.6099550581264992,0.698724558187007,0.8897341886898481,0.01569496357909626,0.5232940310192064,0.05120491929075195,0.013979175617582065,0.9915603223111499,0.0,0.0,0.0,0.0,0.0,15,0.5093535009251122,17,0.7665540534236797,0.9411128213169321,5.248022677209337,-0.007690226022145069,0.045084576319623273,-0.47920925523813956,0.265635843489836
store_49,0.9407901944248243,241,-14.137801076984195,0.5658556203722379,0.0,0.0,0.0,0.8003094854903384,0,1,0.8423723989877423,1.4743788015253128e-06,-2.9757137794470423,0.9980122015643563,0.61251125864681,1.0087268036939046,0.8544674138344706,0.004181253383698099,0.49572050879411367,0.02601628853924301,0.07924882638439551,0.9465428947390693,0.0,0.0,0.0,0.0,0.0,18,0.539534011119121,39,0.7481170415626133,0.9241703160137206,4.61534322473569,-0.05377274938937011,0.04642005528040837,-0.5255160676027522,0.3901483682512472
store_5,0.9775896919797081,241,-3.2720206656868425,2.3540860895659197,0.0,0.0,0.0,0.99031052981621,0,1,0.960640800110844,5.96789987779385e-08,8.668689281854693,7.6746124823027975,0.46526196275915643,0.36383174552997705,0.9976071568509924,0.039815152514855526,0.5893982627246203,0.3092928113994629,0.0030448308338608455,0.8394744695233286,0.0,0.0,0.0,0.0,0.0,20,0.2017094994005711,6,0.8371995973639463,0.9774573116846365,8.556375338628415,-0.11580501581042217,0.038063789984863386,-0.5032045019880088,0.2699414711898132
store_50,1.0749160191386136,241,-0.48855521634895754,3.690432783385184,0.0,0.0,0.0,0.9904244642865807,0,1,0.9791505914919502,2.2117259670481812e-08,-13.375450161766564,-0.059057392689847645,0.5634076291369807,0.5065114262432122,0.9643880010394662,0.019838690183870567,0.5147018268102695,0.004001500079796634,0.0012007271800794856,0.9707232231983602,0.0,0.0,0.0,0.0,0.0,34,0.44890253860106577,15,0.9622926074902638,0.9761325485800363,7.654287738186271,-0.023317614504346166,0.04759936709767144,-0.46389401200819663,0.29501082690384706
store_51,1.0390872927541457,241,-2.8409813144912395,0.4672627013781447,0.0,0.0,0.0,0.9174447308379776,0,1,0.9327966872091173,1.8778852217250493e-07,3.2205306771711464,-0.8614679721221781,0.6147736479047203,0.9267316057481823,0.9267502241738597,0.010615685037746434,0.4716847174352398,0.022621546590101294,0.007796150215519592,0.9999999850988388,0.0,0.0,0.0,0.0,0.0,29,0.4894129481822476,21,0.8996289817149786,0.952215233382614,6.009775636947809,0.002080914839348113,0.058904774289219676,-0.5104248027502121,0.37378188998242184
store_52,1.0149820030708687,241,-10.647041223665994,1.1150734965436535,0.0,0.0,0.0,0.9050449841814981,0,1,0.8875253071736632,1.607857835633651e-06,3.8846234923642236,-9.249002155305568,0.69841835216568,0.9119420946488846,0.9399813871446413,0.06907501225665733,0.2919135504986984,0.30396529295554814,0.05874142402811169,0.9999999850988224,1.5698591703907865e-14,0.0,0.0,0.0,0.0,15,0.35778776538665313,14,0.7906419807862319,0.9589426405847095,6.206394141754192,0.15030466329971345,0.09171462011932693,-0.41242163389632647,0.21598649995841745
store_53,0.9151372095061782,241,-7.8115347214587985,0.6499816751452558,0.0,0.0,0.0,0.7974074473812943,0,1,0.8494891320155666,1.3459174661576734e-06,-2.9040375819301056,-8.950106880011651,0.6488425897180107,0.9232728540527687,0.8377006761390775,0.03968410153756837,0.39742678708327767,0.26178486416756513,0.08465384278377475,0.9999999850895561,4.832889145882748e-11,0.0,0.0,0.0,0.0,11,0.5084685412693845,20,0.8408625488356436,0.9134482197249013,4.147351624462074,0.06021080023501447,0.05379325710251151,-0.48507859537528053,0.27762617530193395
store_54,0.9265191774007753,241,-0.46853809726314377,3.381952125799729,0.0,0.0,0.0,0.9879355527649786,0,1,0.9775723609567389,2.769795901177443e-08,12.238810503006764,6.974912777724305,0.5991083215571049,0.6649285950647932,0.9666423088589405,0.008476238960538212,0.47976521224506274,0.32822214564218816,0.0021678270162272316,0.9453720498361429,1.0608727988070462e-16,0.0,0.0,0.0,0.0,25,0.2889264104008868,19,0.9306151459851201,0.9811774565523319,8.200132280104546,-0.06016203657378097,0.02103481161894728,-0.5440357947277116,0.3367941146690533
store_55,0.910616374692415,241,-3.267090917349553,1.1181561463204266,0.0,0.0,0.0,0.9690116935510151,0,1,0.9583000120452423,6.345701608470351e-08,-4.655048050612955,-10.891535207620992,0.6306487632093344,0.7102906391209922,0.9585438820806699,0.01094614485682343,0.4795081051959435,0.1899428448458318,0.0038137395438577405,0.9999999850988376,4.325222928576074e-16,0.0,0.0,0.0,0.0,24,0.3173651332464189,10,0.8706893828766176,0.9758838003591497,7.679391989410926,0.04861042048792104,0.027231875381547303,-0.46610800955405124,0.2726346906687493
store_56,0.9584565997486317,241,-8.842534813239816,0.5364232720055815,0.0,0.0,0.0,0.8655480001200209,0,1,0.8894390477410351,5.944470637806873e-07,-4.053793883776276,0.8259181113196038,0.6828841384146606,1.120165095808797,0.9125809749727195,0.029084749468767275,0.45931126915635245,0.1421139486927874,0.04811319975977122,0.9999999850987097,1.8778478761665724e-12,0.0,0.0,0.0,0.0,16,0.4879511412508695,23,0.7560546929799898,0.9462173909829937,5.18365760037292,0.04962242858932523,0.052120256351051296,-0.5005378831727418,0.37073760734040456
store_57,0.8824720976797912,241,-10.291084458177139,0.26890956542286126,0.0,0.0,0.0,0.7644790294180892,0,1,0.8383180686500926,1.4993558735105717e-06,1.9667299651493024,1.9700937629527595,0.6319318353835707,1.0522064038477636,0.8277185327993793,0.023638342763664975,0.5205668114028643,0.053237457165889734,0.08444093974918658,0.9964040970529943,4.170565948825401e-13,0.0,0.0,0.0,0.0,36,0.5180711068626896,15,0.7509772070376712,0.9093444361580099,4.179001658975594,-0.003387377336998431,0.06589652052332182,-0.4880107250850507,0.3954570334868215
store_58,1.036324732174389,241,-1.60344132133025,4.43059110886827,0.0,0.0,0.0,1.0171675948884675,0,1,0.986723259021548,9.315533913762847e-09,14.024456447209532,-1.5750488886879932,0.6354507090131378,0.667815817409908,0.9832289977501639,0.005405600734957331,0.454785113974508,0.2593827511415686,0.0008100964147079605,0.9999999850988388,5.4651149962475686e-15,0.0,0.0,0.0,0.0,70,0.1699993060307576,7,0.9212145005400239,0.9901549729353307,9.00256483717951,0.04389687671578319,0.009775921174080103,-0.47685495380066023,0.24032381559209312
store_59,1.0538976853625652,241,-5.380430776386981,1.0547934222733835,0.0,0.0,0.0,0.9693422531199406,0,1,0.95046692170505,1.6070710638991108e-07,-3.9075342020426564,8.611420253342043,0.5688327061544501,0.6061615326000442,0.9777751621586411,0.04183593895445726,0.5697214024478388,0.3582710637548126,0.00849625355389046,0.9176538290165481,1.161313108770468e-17,0.0,0.0,0.0,0.0,18,0.33282687335447503,13,0.7933224675143318,0.9734810528697873,7.691067672969247,-0.10179603909534733,0.0653643219153449,-0.6086550499987443,0.47667260508329135
store_6,1.0845006233364123,241,-1.2093582262688725,4.232777213956419,0.0,0.0,0.0,1.0175425968790455,0,1,0.9839125412747801,1.5714080572695986e-08,13.980389997593107,3.1953375035305407,0.5172087905176219,0.6410403995156068,0.9992388362988834,0.07214892917430757,0.6410271680006165,0.44146162084993334,0.0005101677690356578,0.8312387171228015,0.0,0.0,0.0,0.0,0.0,14,0.28988044224180226,9,0.923992098078485,0.9857861864565318,8.439582520503468,-0.15430379492222424,0.08677896958953987,-0.5367801084390584,0.4006998519083494
store_60,1.0062992421032815,241,-4.175210479759685,3.9003340753341225,0.0,0.0,0.0,1.0015940584255019,0,1,0.9613310361574366,9.770021522148673e-08,-12.879317208116197,4.100604023678982,0.6745111203697811,0.9347564521934083,0.9791817596689947,0.032099593283425654,0.4695494097512718,0.34172472523221853,0.002421840296991723,0.9941728778395215,0.0,0.0,0.0,0.0,0.0,38,0.2096164887661411,4,0.8327287997421069,0.9829951829037503,8.271117272631837,-0.005498549397030056,0.05492504170685221,-0.4939296869243802,0.3310158195358255
store_61,1.0418998945145244,241,-1.8646872662059266,4.626248466626664,0.0,0.0,0.0,1.0230461984408943,0,1,0.9869596550414508,6.134467799902882e-09,14.639777218054487,-1.021118819689685,0.639644575357425,0.6570234791199808,0.9848118486278905,0.012653246664601332,0.4354437517058508,0.23996819276451178,0.00021240409327594458,0.9999999850988388,3.5504715729516515e-18,0.0,0.0,0.0,0.0,38,0.24930463919020998,7,0.9355717189208529,0.9899821709482197,8.887771048491516,0.057307554337464525,0.030161887029422466,-0.4455617408633428,0.2366448599069341
store_62,1.0033987585421165,241,-3.8568183983730564,2.9523097316474693,0.0,0.0,0.0,0.9874064280500746,0,1,0.9727219125686812,4.370966736972096e-08,-10.825407382004665,7.55580649855195,0.6630269381714412,0.8607030685175848,0.9849660535192112,0.02711150370372155,0.4878403196087455,0.08975949607876473,0.003491133014469816,0.9999999850988388,8.445205768043177e-15,0.0,0.0,0.0,0.0,24,0.24411047811447054,6,0.947522086304506,0.9849745970975979,8.209414838030824,0.020151808902178575,0.047854623420692716,-0.5624577433473891,0.42401333035313116
store_63,0.9784906179095033,241,-2.6536097881606917,1.256410072493196,0.0,0.0,0.0,0.9563092185753456,0,1,0.9640032524491665,5.940731415778858e-08,-4.6610314867935045,-11.90782767797205,0.6161020789843294,0.7422187648873693,0.9594869468886678,0.03995978890103233,0.4838358447858696,0.25463901994861526,0.00589832623675666,0.9999999850988388,0.0,0.0,0.0,0.0,0.0,13,0.2687169208889574,12,0.9003342162340013,0.9745078014047663,7.708784812937781,0.017980391967217343,0.07995900856921902,-0.5007059391522684,0.3691617880422367
store_64,0.9233013823923538,241,-15.042192528260575,1.1560304991158203,0.0,0.0,0.0,0.8716312370050924,0,1,0.8563975741086285,1.0289972645774864e-06,6.78981464069873,-3.907902133692594,0.7199401933829517,1.1588627848775621,0.9458864966907752,0.03345980523208952,0.4000984806829949,0.04104242786042838,0.05411977881044364,0.9999999850984014,2.2321819692914144e-12,0.0,0.0,0.0,0.0,12,0.5145567834971532,16,0.7933359865515863,0.950874285020915,4.875308264565414,0.11821609991190914,0.0473160554800775,-0.47375548753404173,0.29551537439608466
store_65,1.0649738221092213,241,-1.5067514739573293,4.600648105110934,0.0,0.0,0.0,1.0267552947107812,0,1,0.9883756320506382,9.510266553797272e-09,14.387045736116784,0.6294992993458759,0.6438926361740229,0.8339911198029997,0.9864899296934633,0.011669932425362772,0.4547380402444009,0.2576326173112424,0.00027637622443149287,0.9999999850988388,0.0,0.0,0.0,0.0,0.0,25,0.1851958052283941,9,0.9244820511756582,0.9921004828633969,9.073625111293758,0.04946037653869009,0.03212391526354148,-0.4815930986570744,0.3062605463899693
store_66,1.0907285016273156,241,-4.1462651943873094,1.3267488410348838,0.0,0.0,0.0,0.953023316909222,0,1,0.9461121976988187,9.810350311252506e-08,5.032922983172405,9.142974059689942,0.5797217722285575,0.7395207111789072,0.9540338758268921,0.011467007968396274,0.5150105846301923,0.18542861627847498,0.007818745176612562,0.9740594200591992,0.0,0.0,0.0,0.0,0.0,11,0.2866672736286843,14,0.8220736108648478,0.9705700160914674,7.730537343505131,-0.022032974211516357,0.03875437357508264,-0.4741345260680992,0.2844259417350957
store_67,0.9988848692205817,241,0.15908779671518622,1.3318063252536991,0.0,0.0,0.0,0.9523247505086535,0,1,0.9627354058494105,5.9069211124707055e-08,5.65151702976694,11.144792586477331,0.6354632197124417,1.240647965193902,0.9401505716770455,0.01536857791288154,0.5700877447309849,0.13743518339611824,0.00410908875820555,0.9499867953620428,8.495065469719685e-14,0.0,0.0,0.0,0.0,37,0.3174419869212424,14,0.9104943697937837,0.9688883767036797,7.239023202142113,-0.05000495117733917,0.0225206728689369,-0.5221737063666122,0.3005526796953355
store_68,0.9091657724040556,241,-0.3658578806576222,3.524967871936195,0.0,0.0,0.0,1.0150616901769125,0,1,0.9897060623592887,5.321799603676544e-09,-12.501269598076105,-6.892450083595534,0.6435717909976568,0.9827105044474653,0.9932271404701658,0.03316170713581677,0.5719523904971316,0.8385908670637781,0.0006416401850518939,0.9597452572635813,8.942063346052069e-10,0.0,0.0,0.0,0.0,28,0.2704663553428963,17,0.9628593013854004,0.9899631977136328,8.798385106903675,-0.05165761699074182,0.06540521805909218,-0.5915529596236956,0.48092159315876604
store_69,1.0397456296111507,241,-4.882616689626617,4.344925167782,0.0,0.0,0.0,0.9574839876411619,0,1,0.939492551955275,2.602732243386927e-07,-13.803912854838192,1.150166205614221,0.6482054811465151,1.1821970274787557,0.9700143753674187,0.04265730908083945,0.509713594527859,0.21504529855462537,0.014782328061702859,0.9924874675620471,1.668769058833078e-15,0.0,0.0,0.0,0.0,26,0.2920618346233576,15,0.8124973454069465,0.9719751066535135,7.657134163557697,-0.004707348326092812,0.10079135658285651,-0.40790774135678926,0.29852643693239245
store_7,0.9271145281997063,241,0.18258516231923672,2.0436524702903753,0.0,0.0,0.0,0.9531549841678446,0,1,0.9621383324121372,5.7280361628616396e-08,-9.162926714267952,-8.188794559395392,0.5960428472261126,0.8427334566805994,0.9369645962275004,0.016671231352447108,0.5419057516501063,0.19693818580061886,0.002707693507661984,0.9542006861688953,1.7200627659297932e-12,0.0,0.0,0.0,0.0,18,0.4122230674418487,26,0.9590266218561564,0.9673129767801394,6.907494400020087,-0.0471882010104776,0.05141687359489775,-0.5306615300632469,0.392712344034226
store_70,0.9251589813561902,241,-2.9892845646971824,2.913439879104432,0.0,0.0,0.0,0.9996007765829397,0,1,0.9722629687930532,3.559090411784276e-08,11.0330497843549,2.4210062077076766,0.6445494684397821,0.6692784111187454,1.0072594974052633,0.03231046130815826,0.41410334888195843,0.09505335484038721,0.0022676104186184895,0.9999999850988266,6.13018172818229e-14,0.0,0.0,0.0,0.0,18,0.22806493835161845,9,0.9400218491523854,0.9886837344878787,8.717316404553202,0.12353385640871908,0.048973535827914645,-0.4257612449067443,0.22077496493466292
store_71,0.9367235843476531,241,-14.717714185873275,1.2609843522920152,0.0,0.0,0.0,0.8384672876005514,0,1,0.8632049686487355,1.1697358944651452e-06,6.779887120815081,-5.391281910875094,0.6292031592872641,1.0832159143195577,0.8988715808242206,0.015469194471472908,0.552007003495349,0.116669016328721,0.12821834162577456,0.9299494569651828,0.0,0.0,0.0,0.0,0.0,13,0.4818867800154283,21,0.703900318767118,0.9405659222850297,5.053000639190325,-0.07427614118680054,0.03619778522927588,-0.5494115711583105,0.32844743871926013
store_72,0.9515662115375022,241,-13.259901586635312,2.645684797795996,0.0,0.0,0.0,0.9105627189587935,0,1,0.8750724519851383,5.53077868998243e-07,-10.593735645490835,4.244841939148685,0.6642385265801587,0.9628496633073463,0.9051862011728707,0.005375295675182164,0.46638140242342335,0.15329440246099502,0.026091736378617437,0.9999999850988388,0.0,0.0,0.0,0.0,0.0,25,0.4870652893845406,21,0.6835387487170209,0.9485929198295979,5.29866823912994,0.018704642507210528,0.019128874616584707,-0.48237995389220734,0.24201096027466118
store_73,1.0278955366995186,241,-4.218508636758702,0.884087533660813,0.0,0.0,0.0,0.9772384254882744,0,1,0.9593425952549051,7.714275140670565e-08,2.0206880044855784,-9.50807035384565,0.5661789473102637,0.5193523518806986,0.9629498936208076,0.01319423994363709,0.5136722276312903,0.38304403021774747,0.0027746187344214962,0.9999999850988388,3.0575308129301253e-13,0.0,0.0,0.0,0.0,24,0.3182656764888278,9,0.8062758255248038,0.976472079616003,7.8799924792690295,0.003402077287487124,0.05813420913683709,-0.5003945472349616,0.28249271538613235
store_74,0.9418755588310993,241,-6.483164960285584,3.3604485781695708,0.0,0.0,0.0,0.9634255347340952,0,1,0.9440622922714562,1.37122691313078e-07,11.904249006382043,-2.432962098380873,0.5091380947006093,0.3959835905672968,0.9598376878590325,0.04252038913254391,0.6016741393610712,0.13018111254974035,0.007764941951908019,0.8814670940926568,2.646651487991217e-14,0.0,0.0,0.0,0.0,20,0.3317766428350757,10,0.822945137688268,0.9677315034730318,7.468353804847876,-0.1050722427518403,0.09406348302126848,-0.5282136745827984,0.43524238519746944
store_75,0.9561733509953053,241,-5.100155945126646,1.01590484073257,0.0,0.0,0.0,0.9643997612746927,0,1,0.9404009249882661,1.6837478816609305e-07,1.6203722352691639,12.787205862394861,0.7081109044053875,0.9376587912882732,1.0122264777006145,0.049533761304232905,0.3657086790058058,0.1183889865227855,0.004507185096715377,0.9999999850988388,0.0,0.0,0.0,0.0,0.0,24,0.2669418754045721,12,0.8871653633579681,0.9751671177273985,7.17750402933407,0.16862618408321683,0.11581221143666019,-0.39635882207793427,0.2634550768919297
store_76,0.9372356150937832,241,-8.483437518557103,2.060182088610064,0.0,0.0,0.0,0.9573014604545851,0,1,0.9146643853457808,4.075753166472434e-07,-8.75351275305579,1.2327721078999425,0.6343516883537889,0.8790745072339294,0.9459864791386793,0.007383121773131142,0.5217160988429447,0.11293319472196757,0.0061637563070348405,0.997039565808008,0.0,0.0,0.0,0.0,0.0,14,0.4185723514968222,8,0.8301017060110074,0.9625174562619998,6.052978499383521,-0.0028640480825921346,0.04723809898208392,-0.495413844116402,0.31338587867237694
store_77,0.9804679142646175,241,-5.629803053780842,0.4813196487293842,0.0,0.0,0.0,0.9379717967876063,0,1,0.9194594793585527,2.959821721927192e-07,-0.6224274940236919,2.211720215865596,0.6782457464200986,1.0277536321376137,0.9213819423226304,0.02289552929324923,0.33769646971062106,0.09440976551235562,0.006156049260979829,0.9999999850988388,0.0,0.0,0.0,0.0,0.0,18,0.4832614334341407,15,0.8209944980033044,0.9579700435055087,6.153790006883083,0.12018961596336732,0.045001496845323556,-0.4122021092679342,0.23631378170725933
store_78,0.8854345673534412,241,-9.668321962280691,1.1532272042183604,0.0,0.0,0.0,0.8720612202538914,0,1,0.8862629824863415,6.88491551257948e-07,-6.525696518795867,-5.836427942851999,0.6307671271328819,0.8117754116772944,0.9050541647722127,0.013726741361965758,0.4290627411191506,0.0491739442101091,0.05664455564119531,0.99999998509883,0.0,0.0,0.0,0.0,0.0,17,0.5032436055962468,25,0.835584810006147,0.9485139443025428,5.767678995439949,0.027507063658015973,0.02646864291404572,-0.45630650529170097,0.23926773857773903
store_79,1.0136304016804742,241,-3.3651757175892847,4.081023866504638,0.0,0.0,0.0,1.0094930263487096,0,1,0.9774675410520396,2.2197107041442696e-08,13.231018794123447,-5.763675887116098,0.6447647407948423,1.0104075321229764,0.9749238456516736,0.01451443089681212,0.4443293615935768,0.11029006323307848,0.0009493663837342883,0.9999999850988388,0.0,0.0,0.0,0.0,0.0,36,0.21553307160930985,7,0.9320446759148987,0.9846481350896231,8.489551759133757,0.04087241096504239,0.03912539723948215,-0.43859753147108493,0.21819629594876963
store_8,0.9678393015003871,241,-4.448398215228129,1.7222893132480692,0.0,0.0,0.0,0.9648753463794754,0,1,0.9491686738900978,7.728039796000168e-08,-6.690541162925394,-11.195779712473138,0.6435436120269261,0.6938628261124677,0.9859521558530147,0.0357997748793628,0.43817356358203857,0.441838000295901,0.008421143302624223,0.9999999850988388,0.0,0.0,0.0,0.0,0.0,15,0.28223802987153335,12,0.8729491760508491,0.978144483381576,7.762838210435794,0.05948993153983638,0.05380685701437753,-0.4239793972914754,0.31401794319138554
store_80,1.0163435536116667,241,-9.334913195719338,0.477113787668636,0.0,0.0,0.0,0.9299218826436565,0,1,0.9052165651982804,4.316080055245167e-07,-0.6072863852644733,2.943148265427474,0.5994345860982402,0.9416602407156028,0.9270407465428566,0.012845381771208609,0.5476503749845043,0.1916069431024679,0.015599876675342374,0.9029015439214078,0.0,0.0,0.0,0.0,0.0,17,0.3894103614440622,11,0.7670283647953048,0.9581209407751288,6.625391040050819,-0.09825868418217355,0.05492033306995109,-0.5464992125803552,0.3440070321099055
store_81,1.049818501436941,241,-2.48263630541928,4.546635877111377,0.0,0.0,0.0,1.0090093636156705,0,1,0.972812817220515,4.171087401064788e-08,14.349640237975343,-0.1579421913355271,0.6747833883105897,1.3083191100006442,0.9783221555901139,0.07033877307207817,0.39562737837394407,0.38692271561684405,0.002584985289630698,0.9999999850988369,0.0,0.0,0.0,0.0,0.0,25,0.20292943920691095,5,0.8835116604415512,0.986532589145429,8.773756526235841,0.048596979369900505,0.1124922007091989,-0.44844604177013664,0.2576789527809856
store_82,1.0336879962538916,241,-0.06916688945149246,4.549388409191216,0.0,0.0,0.0,1.0159189056948792,0,1,0.9909513458001873,3.7112825390005183e-09,-14.66171538127849,-3.2603285159713713,0.5397081713138259,0.5440441797051017,0.9839639841319953,0.021572661027228553,0.49548822402806614,0.2764702638237243,0.00044703118522601055,0.9146884348550196,2.5681473568141095e-18,0.0,0.0,0.0,0.0,51,0.28327221049252715,13,0.9654701800839685,0.9883745582277375,8.795810988185764,-0.07537142880149739,0.055340056518182516,-0.5095222963550328,0.3166111995168224
store_83,1.0585332227498232,241,-4.510805738576344,1.7178587630222428,0.0,0.0,0.0,0.9665758495130573,0,1,0.9514211172438918,1.1176632739157972e-07,6.11674340677179,-10.479626143642323,0.6321631006365809,0.7109626309437735,0.9781676834142503,0.0693726487206624,0.44607180610820946,0.07543973418835706,0.006373792540653172,0.999999984995478,5.481338531091658e-10,0.0,0.0,0.0,0.0,13,0.18813426621740417,10,0.8635904416898096,0.9754693311978203,7.775215039591059,0.09543260794095733,0.10078639558987396,-0.34932803850327837,0.31011535379114485
store_84,1.0325463913829869,241,-0.033058730709724315,4.695960981618481,0.0,0.0,0.0,1.0037065325298629,0,1,0.9819353813046737,1.677456602058009e-08,-14.951288506992531,-1.4875348914435114,0.6043563750372466,0.6652715949412823,0.9687055001597222,0.029205640739955636,0.5145035527593502,0.016287036079226665,0.00047616829042168964,0.8974496409079847,0.0,0.0,0.0,0.0,0.0,55,0.3598739686783721,7,0.9492562475425763,0.9795851864776295,8.230541034281403,-0.0821406979048852,0.03371907851599879,-0.4909066198312111,0.2721095447000824
store_85,0.9832563945776965,241,-6.15567616075965,2.0519467281892583,0.0,0.0,0.0,0.948015488716716,0,1,0.9386308350472433,1.5098971818470423e-07,8.036982079828983,1.8928468257549294,0.6481494466129483,0.901485010210666,0.9569400767124269,0.010562807049419993,0.5510190888759102,0.012788569962390682,0.007741000843915556,0.9891858670002032,2.7698791724938256e-13,0.0,0.0,0.0,0.0,26,0.2963436331521448,19,0.919262205581788,0.9730399176401032,7.0500613784724235,-0.01138960544815678,0.03477553079225077,-0.5137666215504524,0.28463976923565165
store_86,0.9997658696559085,241,-2.0790459393029934,4.297255401921709,0.0,0.0,0.0,1.0118794250789673,0,1,0.9773108063465585,3.951076286920574e-08,14.04568996259583,0.719037029697469,0.6919584348692666,1.1991383163477454,0.9817700693250888,0.017067038603661187,0.4986045609175845,0.10290399127501586,0.0014003323782643437,0.9999999850988388,0.0,0.0,0.0,0.0,0.0,29,0.22997758696961867,17,0.9438754181930928,0.987769175199103,8.573522860355107,0.018036115093966854,0.057148246842295046,-0.5195460080693658,0.4005085706218112
store_87,1.048477978404441,241,0.7360859467581762,4.028418389707873,0.0,0.0,0.0,1.0085505401306667,0,1,0.9939973392699469,1.057232063957795e-09,13.934500902879583,3.7591959039568206,0.6556901903299985,0.7118180545801507,0.9785870702197761,0.07954495377634688,0.49628890863475184,0.07480156989289719,0.000507611502432134,0.9999999850988388,0.11649373032012335,0.0,0.0,0.0,0.0,61,0.3729466547009962,7,0.9868165942715392,0.986136387397611,8.315438537860713,0.1285208880036167,0.12962982939922083,-0.46611160215945047,0.2602017814564211
store_88,0.9752144960391342,241,2.090082281797995,4.224739024400122,0.0,0.0,0.0,0.9969006957658223,0,1,0.9885688221433003,5.361794436498325e-09,-14.03754747802507,-5.930713052298164,0.600885977632003,0.6085563803053,0.9632204954194187,0.019055897138231144,0.5396115740800702,0.0031801814957025825,0.00039097460939718185,0.9541909962013913,0.0,0.0,0.0,0.0,0.0,26,0.32411123725770424,9,0.9763802154327954,0.980030029713181,8.08955151441511,-0.05139102223230013,0.034966861438826005,-0.5562759667119738,0.4019514363663457
store_89,1.030614039538605,241,-0.5981997335901681,4.556633712194617,0.0,0.0,0.0,1.0274325566481204,0,1,0.9946350736457277,1.1211502390666396e-09,-14.356505970784362,-0.12673417628243866,0.6647355621221104,0.8776381377893644,0.995195647087348,0.026920829470959296,0.4608383360099499,0.365641074280313,0.00016329902211837183,0.9999999850988388,1.1596939878258235e-16,0.0,0.0,0.0,0.0,56,0.1819729687689359,1,0.9615500501723561,0.992049634269688,9.053895484613959,0.05881812913500433,0.05460110240311693,-0.5193887518678741,0.36583707615994576
store_9,1.0378832440119294,241,-1.590539116064139,3.7319030238801383,0.0,0.0,0.0,0.9610865159333397,0,1,0.9570850988722204,6.790388035325275e-08,-12.674007779440279,-5.520730376911256,0.662853254844758,1.033949793303269,0.9630382888512627,0.033302588535988546,0.44138165091650056,0.2564653921339952,0.002586389894964109,0.9999999850988289,1.6377493836166561e-13,0.0,0.0,0.0,0.0,27,0.2884482468010198,13,0.8322560132158283,0.972415812914874,7.534591533617962,0.08175255346898294,0.07079364892596152,-0.37071308473457043,0.2271315502804796
store_90,0.887470213010733,241,6.0856015432592026,1.0159413482949435,0.0,0.0,0.0,0.8727839425344631,0,1,0.9503885071296809,1.229275570419621e-07,6.7667364916342105,6.114219592448294,0.6959401728474771,1.2306096242023814,0.8876703519217909,0.030471452603088908,0.4458869228280231,0.42381239564085627,0.017693361429390465,0.9999999850988383,0.04533527079035262,0.0,0.0,0.0,0.0,26,0.50977763725981,19,0.9765784099566109,0.9371588087246533,4.700834799749744,0.12616040391589917,0.04704851461126748,-0.4605520521156788,0.24478981266526162
store_91,1.020883790319985,241,-4.5414103353263044,3.777865081509284,0.0,0.0,0.0,0.9633256945857857,0,1,0.9414786924530321,1.4192413239083823e-07,12.620374296212692,0.1259187624546722,0.5375380061799125,0.6904962639844959,0.9634996663685783,0.06131370209046742,0.6095093159565359,0.41458030422559133,0.007551068105687064,0.857988845438635,0.0,0.0,0.0,0.0,0.0,11,0.28663407303472105,7,0.6663937696602699,0.9672028121795958,7.560145577490015,-0.09344027682590275,0.0992692614749866,-0.4669713707729346,0.3415842748065008
store_92,0.9708479258180681,241,-3.4265552304548255,0.8719118382451729,0.0,0.0,0.0,0.9373649119832478,0,1,0.9531445654319307,1.09218315925645e-07,-3.117241108408577,-9.98879030684841,0.6717222201440078,0.8649365580581713,0.9643362758017667,0.019314561664070553,0.4779348368729635,0.048410463730818976,0.01818889370000323,0.9999999850988309,1.421418826555661e-13,0.0,0.0,0.0,0.0,24,0.3683861544449841,18,0.9013398225518711,0.97324284361283,7.1413052226226315,0.046213166201208036,0.02459284577907216,-0.4917076024892694,0.26872962105004355
store_93,0.9972239187209793,241,0.13206837438048324,4.311944477360513,0.0,0.0,0.0,1.0149041844216744,0,1,0.9880368046272758,7.32866560864185e-09,-14.048810180654176,-5.586719725020931,0.5048732963579359,0.5740369159946199,0.9760560941696578,0.05181503641994984,0.564375753708933,0.5975088254963147,0.0002578827342861733,0.8330198561042429,1.0226235387282044e-15,0.0,0.0,0.0,0.0,29,0.26790986168091036,9,0.9466786328006814,0.986173161640285,8.741364362829762,-0.15202990883063694,0.06517671881812513,-0.56487064235856,0.37800982739068073
store_94,1.0571942436430464,241,-3.5035988481207423,2.9562423552897914,0.0,0.0,0.0,0.9919460667390476,0,1,0.9665467550885409,4.105896413796887e-08,10.640954911912768,-4.401532904935711,0.6384642499940849,0.6009137196942586,1.0076321741602117,0.07505641789220045,0.4173364980014727,0.017524155762238536,0.0017118350538234412,0.9999999850988357,0.0,0.0,0.0,0.0,0.0,17,0.20506271404902465,13,0.9337472060656467,0.9848474177990455,8.45938368024183,0.11052158019790506,0.08435309492481713,-0.37376775572530724,0.34189586141328004
store_95,1.0321102274655052,241,-3.3626223782791307,2.0348933310481105,0.0,0.0,0.0,0.9900104138103962,0,1,0.9643082993556648,6.057275445966448e-08,-7.803612596540645,-1.4925608382520905,0.5246092284378718,0.7695278751454085,1.0003888240710583,0.03824912185998617,0.5300679589744581,0.13570208397023192,0.0025419860419258295,0.853675490433648,7.290266703128543e-14,0.0,0.0,0.0,0.0,28,0.20297867740086722,13,0.8710394157050718,0.9824133473354704,8.66777934530543,-0.15698956293068803,0.0564098775768688,-0.5940681765406197,0.44188334982144367
store_96,0.93232924937551,241,-5.733422701918556,0.7314659964693151,0.0,0.0,0.0,0.9678343903650447,0,1,0.9394866140048196,2.3293209263567485e-07,4.848667058739436,0.5381133163576748,0.5747436238226761,0.6740467817013938,0.9663013432143347,0.04849199739492773,0.5210972114088935,0.21053111843346936,0.005118688744519238,0.999999985098838,0.0,0.0,0.0,0.0,0.0,19,0.2518905128056099,11,0.8014664596516067,0.9708285599282283,7.415100435297671,0.00742473257595677,0.06427771522015414,-0.4634812840107827,0.2545728106817326
store_97,0.9915509419479961,241,-5.111330572091538,1.7085564804421824,0.0,0.0,0.0,0.9764683400808686,0,1,0.9484897886670105,9.4757039236275e-08,-6.733115255789064,-5.58197819923348,0.6427958819382004,1.0204788551878081,0.9988336959173878,0.040923360259653756,0.5047073641757053,0.003801560241338389,0.0019096812882145983,0.9316793528489694,0.0,0.0,0.0,0.0,0.0,18,0.26408934271544543,8,0.9291207081732703,0.9768711921347599,7.709163328865357,-0.07940349839222514,0.05548480651584476,-0.5560260812454748,0.3917949531521892
store_98,1.0453162133311955,241,-3.7844407126605635,3.06576976345103,0.0,0.0,0.0,1.0004747611305975,0,1,0.9668859378675224,4.71537209016226e-08,10.695084231754352,-6.186076090149795,0.4697803288983668,0.3784583050912224,0.9929847186111641,0.05132834626814839,0.597059200983538,0.3454921832424353,0.0014168175700489062,0.8223093210138509,1.2684654620278298e-13,0.0,0.0,0.0,0.0,15,0.15722282583592428,12,0.7915942198680486,0.9793575024526358,8.4924028175814,-0.1786998958971645,0.062211026038339515,-0.5797754496633035,0.3763330223285934
store_99,1.089895666624674,241,-6.236509450973816,2.595998413609495,0.0,0.0,0.0,0.954493207890178,0,1,0.9495398723609976,1.016474887324246e-07,-10.357128396338387,6.98595785376968,0.6141417600380157,1.0681331373294949,0.9667415696282229,0.0265412447902591,0.5925182736463106,0.435094133116899,0.007138625618430999,0.9374580844047379,8.845284574456963e-14,0.0,0.0,0.0,0.0,20,0.3577360247255169,20,0.9103652830733964,0.9714750517754606,7.302407945609925,-0.05819965292203049,0.06740116864108102,-0.5148437376611409,0.30440591695044994
