,unique_id,hurst,series_length,unitroot_pp,unitroot_kpss,hw_alpha,hw_beta,hw_gamma,stability,nperiods,seasonal_period,trend,spike,linearity,curvature,e_acf1,e_acf10,x_pacf5,diff1x_pacf5,diff2x_pacf5,nonlinearity,lumpiness,alpha,beta,arch_acf,garch_acf,arch_r2,garch_r2,flat_spots,entropy,crossing_points,arch_lm,x_acf1,x_acf10,diff1_acf1,diff1_acf10,diff2_acf1,diff2_acf10
0,store_1,1.0226586493454664,192,-2.8151426803646404,2.379274459124842,0.0,0.0,0.0,1.000280151852501,0,1,0.9751811132714276,5.6823802803960074e-08,-9.475771457452467,3.8823594847761385,0.5590387220186538,0.49084610315530475,0.9784760537008156,0.035580473365163796,0.48546111618913523,0.10913584736601027,0.003579040348518333,0.9999999850988386,0.0,0.0,0.0,0.0,0.0,23,0.185571037627879,5,0.8816991550998731,0.983290019016869,8.180644608169093,0.09031256039445573,0.04711777093903849,-0.4446306317954778,0.24110882305023396
1,store_10,0.9372541611389223,192,-3.966981997007729,0.5830027162160117,0.0,0.0,0.0,0.928695457411194,0,1,0.96334473287396,1.0820027872292167e-07,2.3332962291724115,-6.946182376524577,0.5348552199690981,0.8302907881057362,0.9621058354006139,0.02559651401988234,0.4936499517821506,0.07588093974921988,0.016241655111377613,0.9475890940128849,0.08382091033695087,0.0,0.0,0.0,0.0,15,0.38394463818091135,15,0.9157511298088643,0.9697501891990701,7.050746573286606,0.021652561436686295,0.10518024246261502,-0.5625228565330687,0.39037769196670996
2,store_100,0.7976918606032974,192,-17.51844923949254,0.9804406425429345,0.0,0.0,0.0,0.7802323959302614,0,1,0.8347806255689975,1.856682716369575e-06,4.9764790676849255,8.08505855659303,0.3684740987231565,0.23774078810190266,0.8005219386747454,0.05751624702469646,0.6535435798326138,0.36416017068865036,0.04188554460881457,0.7907429520010457,6.166571113701886e-12,0.0,0.0,0.0,0.0,8,0.553952443055631,22,0.5093872197691351,0.8834428902838914,4.070195996401428,-0.13584518400017417,0.07363635904761034,-0.4935678179435006,0.30705321899745547
3,store_11,0.9732312657219384,192,-10.56609336719475,2.3502300895777184,0.0,0.0,0.0,0.8631061446421575,0,1,0.9040838906759913,5.606558057505426e-07,9.810886438781246,-1.068165726746755,0.5489726391394947,0.7715074209560064,0.9238800087139551,0.029517774689572243,0.5059521021419721,0.20226975913540887,0.03832413529222784,0.9893207792810097,1.2650607506717037e-13,0.0,0.0,0.0,0.0,24,0.42496294522580147,9,0.7201080964987907,0.9432053792701236,5.135576331350014,-0.008484734177478647,0.05252324243242457,-0.44626381278078453,0.2538090186740255
4,store_12,0.9469362137922126,192,-4.303757438726512,1.5512417355017654,0.0,0.0,0.0,0.9749108630016244,0,1,0.9643526998915554,1.0544885037186103e-07,-7.299421298664971,-7.753718360992947,0.5668495109763535,0.7536622070141951,0.9827208584929217,0.02724713974232403,0.4304154785772574,0.174538753565206,0.0063377911171045714,0.9999999850988388,0.0,0.0,0.0,0.0,0.0,18,0.3227953060652676,16,0.9236357992090927,0.981181784516855,7.645401685615221,0.040234634861007555,0.07988738217520869,-0.5054031862938273,0.4289403386477134
5,store_13,0.929428260480942,192,-20.765969405478234,0.877183198797958,0.0,0.0,0.0,0.7273469751760355,0,1,0.7816497687646853,4.37393398993088e-06,4.691640172917609,3.382239963800415,0.5240405968653262,0.5915269736190112,0.8368609523621698,0.07651279778102096,0.5331790131644372,0.011320217817816274,0.10822621147740223,0.9961919284053505,0.0,0.0,0.0,0.0,0.0,18,0.5864279400277412,33,0.6561846354001446,0.8853663930563607,3.4625710623824455,-0.0031929907974213227,0.1419858068733561,-0.4592762841579367,0.36229587251544304
6,store_14,1.0452711834531232,192,-5.201921426948916,1.7435568241394706,0.0,0.0,0.0,0.9855821294443037,0,1,0.951908657049599,1.7200496799337769e-07,6.8461177603502215,-9.31971304957473,0.5240388653886663,0.5360149979661156,0.9435804537683566,0.022062877738158418,0.4479231030996872,0.002736145600811898,0.003699516306159551,0.9999999850988388,1.4696510463354954e-13,0.0,0.0,0.0,0.0,19,0.18002931920860818,12,0.8725630953531918,0.9691491561832294,7.3945384557820635,0.004736838700600491,0.042634180808902904,-0.46673469662210787,0.23660870845786633
7,store_15,1.0275885898865291,192,-0.9587269877642283,3.4812091938867518,0.0,0.0,0.0,1.0039417493663316,0,1,0.9787326236047885,4.9932286937364013e-08,12.45059802847771,3.5695223272586216,0.545338839119769,0.8308152185533969,0.9746211790751066,0.02283949468591731,0.4588612606955409,0.3793991009180388,0.0012434358368339899,0.9743506323693562,3.2816185344580853e-14,0.0,0.0,0.0,0.0,23,0.23662072706219645,3,0.8908887881464637,0.9821554910540039,8.400311935211581,-0.026444739164264024,0.06096390553015307,-0.5233179274780508,0.32369935487221513
8,store_16,0.8633810119750323,192,-2.598771060106576,1.2507944307403043,0.0,0.0,0.0,0.8643070090048963,0,1,0.9374834345941807,2.8916000259699076e-07,-7.744382450330567,-2.2820566850827957,0.3727825187997234,0.44127291180193895,0.8678616952155159,0.03447887406677759,0.5811650510481582,0.0996781914895441,0.00895581009036039,0.8182368038157963,4.579101067280467e-15,0.0,0.0,0.0,0.0,11,0.5613514397679573,19,0.8745215310468568,0.9242370260787877,5.132382548189227,-0.15931164132688214,0.07059430862606633,-0.5581671882379018,0.3860560862637845
9,store_17,1.0386272999440282,192,-5.552916461726707,3.0027025211633274,0.0,0.0,0.0,0.956034662915288,0,1,0.9576443588551581,1.5754984509973956e-07,11.392939531787285,-2.4384719167890148,0.5021785394062853,0.3393010212215263,0.9443525911455262,0.024229453805584437,0.49417784474195064,0.137292496552101,0.023749932733144043,0.9999999850988078,3.8062178087869674e-13,0.0,0.0,0.0,0.0,18,0.3326292932055573,16,0.8253346944596872,0.9658419155594709,6.898343415721068,0.06862000815979354,0.03624191264869516,-0.44628117998761874,0.2244164234849866
10,store_18,1.046598180914333,192,-0.25357136194702723,3.7951511912414424,0.0,0.0,0.0,1.0170918932717767,0,1,0.9927413820018596,3.942094928448478e-09,13.490565338004588,1.3062501017572954,0.5073017877802571,0.472556159911321,0.9733053610180841,0.03524997044597406,0.4552278022817137,0.16295613432111453,0.00023216574191640933,0.9999999850988385,3.84071733940517e-18,0.0,0.0,0.0,0.0,37,0.3241607439309912,7,0.9673688163230042,0.9845718568729876,8.426550032871493,0.027374239336612215,0.058887726515166244,-0.4070005049451497,0.2185451938834681
11,store_19,0.9904470410192225,192,-2.774862432086722,0.9047624175191324,0.0,0.0,0.0,0.9268753880298445,0,1,0.950533527874289,1.7778438713359517e-07,-2.3606160153749958,-12.036050663203671,0.5352162393159634,0.6489165110897673,0.9229411223410574,0.00497976508112592,0.5133098118164663,0.24221947353415338,0.004960928978046361,0.9798869021266403,1.3395421197581213e-15,0.0,0.0,0.0,0.0,17,0.25607050914047175,18,0.8483240984247628,0.9605517466071791,6.734375480936097,-0.018005144613609702,0.04415017054727065,-0.48150308999453306,0.2936743567169992
12,store_2,1.048142907517696,192,-0.3679452709413674,3.673733737803332,0.0,0.0,0.0,1.0191935449410752,0,1,0.9887201429198962,5.871830107591056e-09,12.836073434175669,2.5334833269426644,0.5621231796048168,1.0586901021398196,0.9808753281550378,0.004597388379898835,0.5040649448170451,0.28757466869034837,0.0004078449755089999,0.9624316154459203,9.540782618981047e-18,0.0,0.0,0.0,0.0,18,0.19459966825037972,1,0.9289771216597048,0.9878385113755951,8.702153129055723,-0.038677000373674955,0.055647263413875735,-0.5249671261043205,0.3244286360471603
13,store_20,0.9968030937841552,192,-8.535478495923913,0.7574471044496653,0.0,0.0,0.0,0.9134715550950576,0,1,0.927590555907591,3.919563460240215e-07,-3.8031272109356435,1.0081892615284433,0.5295633802590067,0.5145789616463571,0.9278586957917732,0.01419733639136403,0.5330464732439048,0.30218587610311537,0.057370635127516625,0.9886751947513445,7.25298857082428e-13,0.0,0.0,0.0,0.0,16,0.4323512870851039,7,0.7214401106753385,0.9592293696473106,6.082824540327597,-0.011841428135561431,0.03567917736368154,-0.5216424804613119,0.37127783231292505
14,store_21,1.0576832717539322,192,-7.445156683698691,1.1847930318601028,0.0,0.0,0.0,0.9571527530224281,0,1,0.9226939339953554,3.431977068880957e-07,4.8362113372615685,9.246096567782516,0.4764392233838271,0.601004089847548,0.9613735303641704,0.07739837334784883,0.5256572978002672,0.5270610093670255,0.005560452153091381,0.9080797046448496,0.0,0.0,0.0,0.0,0.0,20,0.3019115832548228,10,0.6538587206402744,0.9547994019503717,6.944621702903446,-0.07521318667644945,0.12350331730598153,-0.48491118791475163,0.40346894011457674
15,store_22,0.9840128128439696,192,-1.265036856228659,2.849392890574329,0.0,0.0,0.0,0.9084852220942589,0,1,0.9642790405466163,8.161666170752257e-08,-11.610317327063223,1.196150511066894,0.6375832310445058,1.5608024487452943,0.931844681543479,0.10593062427043379,0.4915365597354227,0.020370949379809437,0.015066956208544412,0.9999999850988388,4.1166901351096723e-16,0.0,0.0,0.0,0.0,29,0.47861454601356496,11,0.9349120715578941,0.959876636873481,6.228341629495707,0.03554054708837797,0.16164057283535857,-0.5196412084279315,0.4118472423858321
16,store_23,1.0614534738794241,192,-0.6575676173855872,0.949161461804162,0.0,0.0,0.0,0.9525071894829487,0,1,0.9752509699196432,3.69067236992073e-08,2.9236673353325067,-10.001658026870887,0.5177962578577906,0.4660380277572049,0.9655851185833189,0.031887161699568026,0.44977339524141025,0.21659445237532127,0.004272795413469444,0.9999999850988387,0.0289793417191328,0.0,0.0,0.0,0.0,28,0.24527712742878569,14,0.9217389025520739,0.971499969665308,7.085917147379868,0.07723341111952964,0.05224473187589155,-0.40431957070972047,0.2449631465956584
17,store_24,0.9433526822960729,192,-0.9790816191533189,0.6870556059682018,0.0,0.0,0.0,0.9168257267083609,0,1,0.9731679581123585,7.307128040410554e-08,-3.2043235833545936,4.321785852022189,0.6135664549553217,0.7851860225054776,0.9626855046855095,0.05248590695660267,0.4331559575544423,0.19371892884100292,0.009327067843028305,0.9999999850988388,0.06340223985249088,0.0,0.0,0.0,0.0,23,0.33347822903447577,10,0.9224534952457142,0.9698648756053295,6.646401934502994,0.1727370717787116,0.10491616190049508,-0.45485121219529157,0.2633439450747218
18,store_25,1.0182747392761455,192,-3.5024945575517545,3.3788036441420592,0.0,0.0,0.0,1.002817444079267,0,1,0.9748250270772709,5.029478196937899e-08,-12.15303788008394,0.5285599727134577,0.6212973050318268,0.890730916740469,0.996872746229339,0.04632937104494708,0.4718082647826615,0.06847825512030997,0.006892262900489262,0.9999999850569306,2.3437798128162554e-10,0.0,0.0,0.0,0.0,41,0.2616545287260313,4,0.9313786057809612,0.985000745293133,8.157887120580078,0.012354725511543683,0.0748047422406173,-0.5981317728999598,0.4642053711572262
19,store_26,0.9775240482919016,192,-0.5943885214134983,3.378011862502654,0.0,0.0,0.0,1.0158861953020148,0,1,0.9905788179777177,5.827101060023294e-09,-12.348657042834375,-2.519120905113497,0.6004745637120018,0.6638977034315658,0.9796516592363895,0.03340807861834538,0.41356343114385524,0.48636518808888285,0.0005499205705771704,0.9999999850988381,0.0,0.0,0.0,0.0,0.0,49,0.2197726658823756,7,0.9483303194208278,0.9868418031740562,8.701094078793396,0.1647986408222612,0.054259956226264325,-0.4214348989019886,0.262842977661799
20,store_27,1.0384516933211354,192,-0.5222004072773293,3.597860521372499,0.0,0.0,0.0,1.030577169524487,0,1,0.9929668462843373,3.298813356344295e-09,-12.648736744609511,-0.43320561143296843,0.44586320881817915,0.430986937998503,0.9907106068291159,0.0801556617622887,0.5674480222833449,0.5297615516864188,0.00018442063800912077,0.9468951694721316,0.0,0.0,0.0,0.0,0.0,41,0.155562125135268,5,0.915297827229558,0.9882101792798659,8.923000162003397,-0.03547844129312795,0.11183893009359858,-0.43116822113420294,0.40052976399504187
21,store_28,0.9652548789706333,192,-4.0347130692161155,2.6626574444038433,0.0,0.0,0.0,0.9641213339664981,0,1,0.9553477223633947,1.4883131043864544e-07,-10.546924878068328,-1.41682386186861,0.5400828991874406,0.4829076858770914,0.9388492504628028,0.003880988166148205,0.4948179461305063,0.4046973472682689,0.00516193164380569,0.9999999850988388,0.0,0.0,0.0,0.0,0.0,15,0.31401422540002777,9,0.7598665284702434,0.9685191333297388,7.080106446472218,0.01816853084198044,0.04847256140259623,-0.5239509703511994,0.3708570005611284
22,store_29,0.9178491252664882,192,-8.808485016302043,2.125851906054373,0.0,0.0,0.0,0.8614035893361378,0,1,0.9074893225645055,7.227216373528395e-07,-9.556359827831937,-0.6877987451560683,0.5475400518357961,0.843505099459404,0.8969650140273054,0.07038117531391126,0.6076310535348994,0.028112343408513235,0.01423009420284465,0.9567379436840587,8.126471262888124e-14,0.0,0.0,0.0,0.0,13,0.49483157928083454,19,0.780382628530867,0.9396519595467895,5.005588171307748,-0.050577652906613334,0.13808134559321433,-0.5646563059619589,0.5053849194834356
23,store_3,0.9443468297803892,192,-8.447544327383909,2.321733557848928,0.0,0.0,0.0,0.8423193611633291,0,1,0.8957648390727215,9.966941796113042e-07,-10.20478355442411,-1.854918886182968,0.4731781497655377,0.4180736582787884,0.8527628950269524,0.03013601761581347,0.5524045007347014,0.14755714853421126,0.022102603464986426,0.8773904629171868,0.0,0.0,0.0,0.0,0.0,13,0.4914185609175858,13,0.6109656617761337,0.919398533786038,5.30960983464962,-0.12850131159571052,0.040737482053568634,-0.5713361598479924,0.36056950827939754
24,store_30,1.0414319240111378,192,-3.8605625929385488,2.353902492011103,0.0,0.0,0.0,0.9951153343050465,0,1,0.9653011843544843,1.21194105952118e-07,10.037949391365085,3.2153908794809913,0.49642964964489017,0.5161951340934653,0.973795606880555,0.025530746185649118,0.5140284372663205,0.3867280001899336,0.007258940006851096,0.9240087992800089,5.010083083663618e-15,0.0,0.0,0.0,0.0,42,0.305136417617627,13,0.861927126763276,0.9773792863398951,7.866788485596239,-0.0829822197102165,0.048017734534428334,-0.5510656961139287,0.3743188739249509
25,store_31,1.0464985423351083,192,-5.7944429032273375,1.5134449366897071,0.0,0.0,0.0,0.9659079781722107,0,1,0.9475027570006448,2.173566051467117e-07,7.258053101295449,-4.505314677274449,0.456239063542384,0.5018097993147232,0.9439783715795583,0.038173313626249955,0.5966948063850661,0.35162117748236416,0.006061945103771257,0.874581394231061,0.0,0.0,0.0,0.0,0.0,16,0.3932799253981439,13,0.8168896882464749,0.9626833450120371,6.8424211124844945,-0.13507397189666945,0.06602690625671448,-0.5758210370550214,0.45076140702857787
26,store_32,0.9530990679485923,192,-8.708415181094072,1.0660489853643293,0.0,0.0,0.0,0.9537005260159747,0,1,0.9186369524897418,3.810278115661283e-07,5.2135052926359124,4.037306242764981,0.4535198407006384,0.41532919819247105,0.9153657320489593,0.030467034992204618,0.4920527857676727,0.14080799079187575,0.006355469902604058,0.964079122000882,0.0,0.0,0.0,0.0,0.0,6,0.3811619047833965,14,0.7454946297665052,0.9504737806526209,6.23746062823302,-0.029104304837078862,0.06067416704410862,-0.4848297006345746,0.34301113210782036
27,store_33,0.9632339558533883,192,-1.8832102109711197,0.6364110507692248,0.0,0.0,0.0,0.901040297046469,0,1,0.9533096295135813,2.748227913586505e-07,-1.7395821248099612,-9.119881810365154,0.6090772653126423,0.8265409309922286,0.9603032193729284,0.011101332891885241,0.3768422226045712,0.12088098019421213,0.007402704256517211,0.9999999850988341,2.011634783081617e-15,0.0,0.0,0.0,0.0,35,0.38068845607886304,18,0.9077708845738953,0.9643582095066932,6.675358389434021,0.03921343189365507,0.021275919114681584,-0.472094914966401,0.24491172370265143
28,store_34,1.0035994418024834,192,-3.926970617565018,2.448806898742571,0.0,0.0,0.0,1.0130948119017948,0,1,0.9784452657740623,3.460924832727744e-08,-9.81609640082921,7.21137128822647,0.5131573353973131,0.4177581342233315,0.9652674779049933,0.006340563146940652,0.4521610228156891,0.14929594806854066,0.001658877491407078,0.9999999850988375,0.0,0.0,0.0,0.0,0.0,33,0.23982641804396995,20,0.9591514898133572,0.9808271694051826,7.859886476194774,0.040056304541323584,0.03458658991403619,-0.4859942248313283,0.32766513235452727
29,store_35,0.9944309639168086,192,-3.926627546068613,2.062237204935929,0.0,0.0,0.0,1.001575109629199,0,1,0.9595353820968466,9.15112789826282e-08,8.322854128721334,0.2507008315929502,0.5688776360523584,1.0286565780452128,0.9914605872725317,0.036620025827253586,0.5302669204951295,0.05294205568793748,0.003215067699654141,0.925621436955336,1.8398780463355542e-13,0.0,0.0,0.0,0.0,16,0.19070779764828105,17,0.8917930184763079,0.9797626586230203,7.995143426092867,-0.09324519116273465,0.08998375317131077,-0.6054511545570233,0.49618384663414383
30,store_36,1.0212923542551966,192,-8.159093092871872,1.6880734898614032,0.0,0.0,0.0,0.9205997269425902,0,1,0.9285968127129978,3.394258032025632e-07,7.487785644127371,-6.28759231067152,0.5412718635146725,0.7111755698350873,0.9495616226018438,0.04141980441576384,0.5652423485915473,0.24746823882046387,0.026298583746162837,0.9248924738318728,1.6558514631058e-13,0.0,0.0,0.0,0.0,11,0.3194830919442787,12,0.7463188268522903,0.9600321498802368,6.283624200566033,-0.08511990044540636,0.07443651930649153,-0.5680786998696539,0.42375834080461733
31,store_37,0.8528479350796705,192,-2.4664651507165662,2.2110836804964618,0.0,0.0,0.0,0.769769701626867,0,1,0.9060526547883132,5.001847859577919e-07,9.862269314041406,6.39051197593588,0.6528445101601855,1.2469166765195283,0.8603181231669722,0.02960908870305856,0.38772381564721126,0.14805730562310623,0.04000751044155717,0.9999999850988388,0.0,0.0,0.0,0.0,0.0,12,0.5312018860136324,27,0.9293048683000305,0.9243581767200679,4.602924665724673,0.1047374891889107,0.12249934371107053,-0.4834735416550132,0.34517149051679497
32,store_38,0.8446921628022482,192,-4.970565533134607,0.6108086198017708,0.0,0.0,0.0,0.8963290355912422,0,1,0.9525345455252419,1.5938651186981323e-07,-4.236355721206561,-6.023810434129884,0.46761019591954917,0.33586165897667525,0.9669136188459452,0.04206296973071326,0.5915993740502999,0.06895138566961888,0.016866013609544834,0.9736071660750896,0.0,0.0,0.0,0.0,0.0,10,0.4426390099834927,13,0.8916355421305246,0.9604495256105794,5.672966830964773,-0.02327721293209828,0.07219140444363709,-0.477430073892676,0.3544506412103477
33,store_39,1.0172628228634581,192,-3.114525787332051,1.9206378440870258,0.0,0.0,0.0,1.0165190743191592,0,1,0.9673610313975439,8.828549139327877e-08,-7.671467909909708,8.707773990295987,0.581418426900208,0.690130858541346,0.9655522980307539,0.004143262941590343,0.5002627073433992,0.055359703130652804,0.0015561897578570375,0.9688413947719019,3.184299401503625e-13,0.0,0.0,0.0,0.0,20,0.12762609960798343,8,0.9011418724405028,0.9809936413251794,8.23630506836912,-0.0327681235657246,0.03871797076016148,-0.5292922815671433,0.37835216680229244
34,store_4,0.9266853386354521,192,4.652499186089834,2.2406311009766404,0.0,0.0,0.0,0.899389421350366,0,1,0.9773690402844435,3.9006424208279315e-08,-9.911896361641539,-7.199654292429841,0.4863358178521383,0.5144235344273793,0.9160580009858166,0.04559673795969895,0.4950896010460263,0.11898710908711631,0.0010803540179344913,0.9658110896823905,0.02465053806081883,0.0,0.0,0.0,0.0,23,0.46993666911947635,23,0.9791507644074866,0.952476069598551,6.47467364114288,-0.004441409167955915,0.05246119925837945,-0.4712822104663751,0.3515009483605829
35,store_40,0.9349938020991905,192,0.35984803708123053,2.7000720174517907,0.0,0.0,0.0,0.9622967913239613,0,1,0.9730778791749656,4.406215522439331e-08,10.801680794510885,6.859397960602301,0.5158204175313725,0.7262054613306921,0.9405215550773769,0.004271711806395109,0.47214884609783375,0.178578183968365,0.000979313490689903,0.9748198537042801,0.0,0.0,0.0,0.0,0.0,18,0.38538833974646614,21,0.9335186566304555,0.9684884181212493,7.117481006553593,-0.022540590641623528,0.0367480904799599,-0.4818795645237507,0.27781634241466174
36,store_41,1.062062914962213,192,-0.021838403585351357,0.8184921526927539,0.0,0.0,0.0,0.9444982968992862,0,1,0.9721268516148925,4.3253991814279525e-08,1.496715600598426,11.995026992011953,0.5328136934040005,0.5146845577123829,0.9512828302999669,0.06017709806938571,0.38695196500282003,0.29690373590381963,0.0039033775213262647,0.9999999850988379,0.021703840680192415,0.0,0.0,0.0,0.0,31,0.2543688178070534,12,0.9482387732364075,0.966989226623664,6.8418907597224425,0.15589543335662054,0.14237639045010866,-0.3202938438248868,0.226846248367866
37,store_42,0.9173476177157934,192,-5.398716632018151,1.383215495782507,0.0,0.0,0.0,0.8833124009715001,0,1,0.9375306056855234,3.524860213646639e-07,6.5531887791826495,-0.3526121609278191,0.500873403591471,0.5626252361676516,0.8905890560276954,0.012369322782092497,0.45303401062888987,0.055121712840134236,0.02250387446072861,0.9999999850988388,0.04152276392912428,0.0,0.0,0.0,0.0,13,0.3832651209560927,14,0.7961961089117624,0.9409979731070641,5.891136768076835,0.05610617003787169,0.05323149491625733,-0.45461622646499555,0.2952585749677972
38,store_43,1.0149658142740845,192,-7.005892708714774,0.9510914737121735,0.0,0.0,0.0,0.8460857112487827,0,1,0.91183267385885,7.221393766536644e-07,3.314948225499715,9.696494348647496,0.5043810538978607,0.4734988546083892,0.8790118206852658,0.014608543118767116,0.4790857307206929,0.03101593654983631,0.04555896165488343,0.9999999850988388,0.0,0.0,0.0,0.0,0.0,12,0.32224383666778456,20,0.7380436940425917,0.9323328446403495,5.6421975078812725,0.005777747048163425,0.03133265767429891,-0.4566140802547832,0.2385493538665771
39,store_44,0.9637666307166649,192,-3.09977765630791,0.8534458910011075,0.0,0.0,0.0,0.9906117858673116,0,1,0.9643406923802418,1.0345337890276491e-07,4.3136344903234285,7.534953839825267,0.6441683922986101,0.8422098872536729,1.0270384995713535,0.08100989264211206,0.4036818765019019,0.10819833116628662,0.002704116179417931,0.9999999850988278,4.7692795194402443e-14,0.0,0.0,0.0,0.0,21,0.32335226607582473,13,0.930736422560259,0.9783455294582735,7.0164525831396665,0.15906676245799473,0.10161520624168709,-0.44377426128878417,0.32549081726057494
40,store_45,0.9158531828511913,192,-2.9687582890214244,1.4720403246670946,0.0,0.0,0.0,0.9130019911497261,0,1,0.9640717065448525,1.4547508241274007e-07,-8.381095663456563,-3.3382578113918058,0.5719908942771563,0.4963787342581797,0.9605004662414636,0.02224982810758985,0.4792583861686745,0.44092782484441373,0.01829624437758273,0.9999999850988373,8.217518734396239e-15,0.0,0.0,0.0,0.0,18,0.4933028159922226,17,0.9683354390422111,0.9627169189558072,5.443354864420073,0.05903051418212833,0.07595771252222279,-0.514671489321563,0.3456825282628652
41,store_46,1.039122153648036,192,0.568784837587402,3.379596304740234,0.0,0.0,0.0,0.9732743676517805,0,1,0.9806707265504296,2.1817747902968054e-08,-12.528594874852278,-2.59749622918297,0.5193573164663792,0.524935066878679,0.9619286680713446,0.04237080515059051,0.4252518227795329,0.003927654586667652,0.0006582357787818699,0.9999999850983475,2.951205374956841e-12,0.0,0.0,0.0,0.0,19,0.3635541745840254,13,0.9580103534911717,0.9747040450603961,7.601231445332909,0.06549142185322956,0.07239938810633363,-0.40792903928791613,0.23721580487471583
42,store_47,1.0695265351181868,192,-2.4788609196246325,1.7227314162365714,0.0,0.0,0.0,0.9956856410394503,0,1,0.9818376672081448,2.222990198428498e-08,6.871097950549787,-9.903658158403108,0.48775401170809,0.6318619998305647,0.9782793587261336,0.0638997204704636,0.5437620022838425,0.11072332873200885,0.0032149784981476944,0.8897359526549758,0.0339246105304245,0.0,0.0,0.0,0.0,14,0.13163929817310427,8,0.901946736266414,0.9802617129759152,7.771476838426447,-0.09506413026466973,0.08310949833806555,-0.627414282576084,0.49992091789120763
43,store_48,0.8753015274945339,192,-10.088791352600305,1.37082615969374,0.0,0.0,0.0,0.8653450255495204,0,1,0.9053955627699721,4.461521223125107e-07,-6.987934121555471,-1.9595595293510328,0.5229910796105651,0.4376240661302999,0.8909574988431362,0.01520383594067877,0.4811079787431601,0.20624625228407964,0.024116934213591304,0.9999999850986188,2.212106535030112e-12,0.0,0.0,0.0,0.0,15,0.47840010655350956,11,0.7060876191704236,0.9403042890249247,5.374824554722599,0.0603784806246326,0.02401273659298165,-0.43656050892492604,0.2091754530800039
44,store_49,0.9626591877092325,192,-9.77716201078678,0.6407561585556995,0.0,0.0,0.0,0.8622802969901043,0,1,0.9054406601583829,7.261763207016297e-07,-3.439399918906362,-2.3893139462591715,0.5536178509201498,0.5847800827748695,0.9093508650910954,0.01169107260134175,0.4427294763373859,0.04460367332557819,0.0987851248813724,0.999999985098659,1.6954879197832597e-12,0.0,0.0,0.0,0.0,12,0.4595725368803774,29,0.8545322201732548,0.9504184168639833,5.742537007711956,0.0443783708263773,0.027879254989263226,-0.4458006742107466,0.23030124123801576
45,store_5,0.9690128281735306,192,-2.2504556968850524,0.9825506349979296,0.0,0.0,0.0,0.9516660859800058,0,1,0.9556715128928321,1.138499828614713e-07,3.6088609666131273,11.385477567589415,0.4225400046642614,0.3276123749025563,0.9413086764841455,0.06993622316080797,0.5514500536316435,0.5249456183654776,0.007835906351156666,0.9552986813203136,0.0,0.0,0.0,0.0,0.0,14,0.2908598067733545,18,0.8532238973961718,0.9628391478384021,7.053515522041358,-0.02410476370615188,0.0818158943197257,-0.4025282629601022,0.22226531169765523
46,store_50,1.0814686901061903,192,-2.9398122738255044,3.256961339123165,0.0,0.0,0.0,1.0263034399541164,0,1,0.9757706680829467,4.636028449378196e-08,-11.606183245865001,4.024090588641478,0.46018749549154986,0.3793329518877541,0.9846401544090927,0.04511435777209383,0.5081218636958947,0.323402457431109,0.0006250506330131429,0.9988585682848683,0.0,0.0,0.0,0.0,0.0,31,0.16815473740421175,8,0.8163341182237404,0.9798717602327317,8.385156176689096,-0.0008431801805705274,0.08306317303673999,-0.433158122247857,0.2843936129181772
47,store_51,1.072142588768588,192,-4.329435200060708,0.76776782675091,0.0,0.0,0.0,0.9146861856849033,0,1,0.9302191900685897,3.6083303355654705e-07,0.14068952053842995,-11.406982764822128,0.5582072845923665,0.782510510422362,0.9078788892556433,0.015152336221637419,0.4249973237057575,0.28708777447885575,0.006724328706083115,0.9999999850988388,0.0,0.0,0.0,0.0,0.0,11,0.3039059836050861,14,0.8425595107124263,0.9495989651506782,6.2710179272223705,0.011533903755851768,0.0646611654703502,-0.5059059282439314,0.35010012339833047
48,store_52,0.9980393690537925,192,-6.9165992101937634,2.356457200923204,0.0,0.0,0.0,0.9344384832346354,0,1,0.933755233132874,9.159103859542168e-07,9.636287598297493,-1.8296018221434367,0.6385307666604404,0.7216790118802652,0.9502888275990161,0.052186956467519634,0.34221927820566606,0.06504406897950193,0.06628180587639314,0.9999999850988388,0.0,0.0,0.0,0.0,0.0,18,0.30717157550057594,15,0.8542547465174661,0.9649290007382555,6.71000702292722,0.1729553097769984,0.07106856852611017,-0.45190339933261536,0.2199765671167545
49,store_53,0.9074341205353772,192,-17.348134660853397,1.520179530716799,0.0,0.0,0.0,0.7858396003840789,0,1,0.8098403062402678,4.652158946177502e-06,7.723681187530627,1.5283537645250074,0.5903425146318145,1.0462977708571688,0.8307413165575689,0.06928579141187266,0.4475546177033905,0.543324648928328,0.09949967350809863,0.996364683802314,6.8059747392519486e-12,0.0,0.0,0.0,0.0,8,0.5530359246644999,19,0.5636579147802168,0.8963014130466733,3.915665902345851,-0.0043372640227982845,0.08692979258771544,-0.5514830771910176,0.350907999396437
50,store_54,0.8930201362534553,192,1.3282494191763723,1.4893404199559108,0.0,0.0,0.0,0.8375431356386693,0,1,0.9540244167790806,1.4302491819540676e-07,7.78518510723025,7.750679162591524,0.5124956121882202,0.5749582368866925,0.895395287674249,0.004445226647906753,0.5332250333078763,0.1050532426674609,0.016877522272203307,0.9467214754376556,0.0,0.0,0.0,0.0,0.0,19,0.44509554191683376,15,0.919602958767845,0.9427280290013511,5.990793772217066,-0.05318088227673717,0.03490704926105883,-0.5301807518316657,0.35880337141998636
51,store_55,0.8969387081710821,192,-6.2270081040136604,1.1985226741758248,0.0,0.0,0.0,0.9333526842105366,0,1,0.9463533357733115,2.0147306168827354e-07,6.499562958841421,-5.157676698541283,0.5211714618676597,0.5205424272106535,0.9392465058542373,0.022061177949279143,0.47341648776490497,0.057727574199907816,0.008629805173580368,0.999999985098837,4.44282246936811e-16,0.0,0.0,0.0,0.0,23,0.34756601735952464,18,0.8050413412385531,0.9608755749392557,6.319587544917948,0.05134517806620756,0.045166881064474286,-0.4528221662276427,0.2955214663893936
52,store_56,1.0091355828826172,192,-6.7171836263080476,0.7270078189286717,0.0,0.0,0.0,0.921970643162873,0,1,0.9292994794106777,4.7331283349793573e-07,0.2910087935303507,9.770332208343198,0.6132721793440933,1.3445514762120905,0.9601904213342068,0.07385225580189271,0.5051393271831488,0.12913967932237871,0.014789508737992056,0.986688148117069,3.1620506689241716e-10,0.0,0.0,0.0,0.0,16,0.30955802936720467,8,0.7797613599966484,0.960155410819043,6.359956774260625,-0.015589138083395331,0.10538132087243565,-0.5493540787124901,0.4153042620293843
53,store_57,0.8919321335915819,192,-13.532582201245285,0.5447714703653542,0.0,0.0,0.0,0.7959661086365777,0,1,0.8588396491987785,1.8252464238302842e-06,-2.707528408302525,-8.320236013717892,0.5636787049005896,0.8444334326128753,0.8707497198987124,0.02957164157789125,0.5450521196946425,0.1659683945998124,0.07635447151436194,0.9735876253965892,1.4058040332780217e-12,0.0,0.0,0.0,0.0,13,0.5191557929761488,18,0.7615826696693471,0.9271303036154948,4.3805086827589665,-0.026845073591189476,0.10295693480526526,-0.520564112765923,0.5168570547526116
54,store_58,1.010548180134437,192,-0.4285305436299208,3.5870271583399025,0.0,0.0,0.0,1.0152943630770581,0,1,0.9920616417348413,6.001224441847016e-09,12.84909531733803,3.0427216181721777,0.5491469651797313,0.4810615432817795,0.9887659380428169,0.0187586441315757,0.46658950747920946,0.3076481202308838,0.0009267528666593197,0.9999999850988385,0.0,0.0,0.0,0.0,0.0,70,0.24308436517648999,5,0.9605540313770897,0.9882632572783933,8.61772424230626,0.04784086960363905,0.0400011861069448,-0.5242419237266468,0.345728605856574
55,store_59,1.045454177658037,192,-3.8962378045156263,2.1375209364892416,0.0,0.0,0.0,0.9957300609706548,0,1,0.9666210745218068,8.844194197755212e-08,-8.672038412536192,5.1552504675329205,0.4674956561185569,0.5129516270446774,1.0139090197368028,0.09638731520848308,0.6254051083670934,0.4105525914495227,0.008729614472982273,0.877920783161188,1.762144235595484e-14,0.0,0.0,0.0,0.0,17,0.19633929794447008,10,0.7874126835822457,0.9771102892265446,8.036949629423406,-0.15887933820746716,0.17121277571438706,-0.6482078039976574,0.7663487096395308
56,store_6,1.0752352653038642,192,2.1902542705994144,2.7900558445252743,0.0,0.0,0.0,0.9561443840803666,0,1,0.9861691914395313,1.2157877108174721e-08,11.49220592575286,5.305209299081826,0.32726216169777195,0.25081982459575825,0.9480476500814126,0.07817920101636193,0.6758430458408868,0.14304779657043729,0.0014856854163877258,0.7762432762735755,0.021656396181108276,0.0,0.0,0.0,0.0,14,0.44077762854976116,13,0.9762085887886668,0.9676728739634658,7.081852271517157,-0.16820105253960832,0.09258012849093061,-0.5160139556589871,0.3711135159089637
57,store_60,0.9747189907214255,192,-1.7817926951758303,3.569111369857866,0.0,0.0,0.0,1.0148958007598357,0,1,0.9822317339439709,2.177748700016242e-08,-12.797902469650491,-1.45730559196751,0.5582233049464871,0.6104460899594745,0.9784012535026023,0.045628129516999974,0.4981234398770442,0.47634478215049586,0.001172011283059664,0.9999999850988388,0.0,0.0,0.0,0.0,0.0,38,0.297286812241711,7,0.8860877310563177,0.9843407116018702,8.281376114988687,0.020181705185995248,0.07582147046798236,-0.46263700728980856,0.36664698551722247
58,store_61,1.038866201621386,192,-0.5141736624916983,3.6935866430066526,0.0,0.0,0.0,1.0061702515708895,0,1,0.9884612969075933,1.1185907074860397e-08,13.058030390494476,0.4586621613499161,0.626836759315611,0.7197798763459887,0.9776221581628446,0.02738894487389259,0.39815491553012605,0.1462069595715603,0.00038757427553580995,0.9999999850987895,1.6830690662142838e-13,0.0,0.0,0.0,0.0,38,0.3053971295715463,5,0.9399328315540105,0.98331211482919,8.002065271129686,0.12175863229351862,0.044397280807343176,-0.45567462884096127,0.2698039357660229
59,store_62,1.0134696026139296,192,-2.429470309555914,3.135739665112616,0.0,0.0,0.0,1.0025145530780037,0,1,0.9841180672233282,2.7228021166004138e-08,-11.983442292973281,1.7344835377560857,0.5886949530852665,0.5911012273529531,0.9961576370492837,0.024942067205988207,0.4463183164775603,0.1596259769298495,0.0027830920363032382,0.9999999850988388,0.0,0.0,0.0,0.0,0.0,24,0.29432774737206957,9,0.9478631711957598,0.9861550375429351,8.135493178166978,0.07955184168944066,0.04576964106126816,-0.4986164115665478,0.30025051076389914
60,store_63,0.9746561415773071,192,-6.115176841793236,1.5425466256965705,0.0,0.0,0.0,0.9249612477646144,0,1,0.958100338611573,9.52816934397015e-08,7.223560181591187,-8.112996749405651,0.4892467583835788,0.6012870451946024,0.9398365303326948,0.0562932022939159,0.6299537045980635,0.09976475425030297,0.016024886253976932,0.9178011376477511,2.3561904597505664e-13,0.0,0.0,0.0,0.0,11,0.35609571588668015,8,0.8133031527151193,0.9603833845745136,6.245501443917607,-0.09842152934652415,0.07508203607545487,-0.5875440189025727,0.48120089337619837
61,store_64,0.9959908885009187,192,-12.49830886349788,1.0451676265360397,0.0,0.0,0.0,0.8497840432896638,0,1,0.8897488879931359,1.1329504730184236e-06,6.310192678670135,-3.6114222952754838,0.6254519908626556,0.9233678089912063,0.9226347180962735,0.04139539560012945,0.40152347487618234,0.2662148381482474,0.09475695546922171,0.9999999850988388,0.0,0.0,0.0,0.0,0.0,11,0.5390263728596334,13,0.753301076272259,0.9410110153302361,4.282549165684717,0.07188889901420197,0.10532890663782607,-0.5425761258447505,0.44103562282291586
62,store_65,1.0324700847848016,192,-0.76020777929278,3.5801599143529934,0.0,0.0,0.0,1.0314067132065363,0,1,0.990184319262233,1.2534830637828824e-08,12.602329755360907,3.526716017255934,0.5580228740200411,0.4813958821022333,0.9937434491232131,0.02781717044786325,0.4626959238636441,0.4575694085282704,0.0002896908616570595,0.9999999850988388,2.83784415094796e-18,0.0,0.0,0.0,0.0,24,0.21263721480243722,5,0.9325646346009261,0.9899739330813901,8.745059929523736,0.06413193431306738,0.05033578801638369,-0.45724578639697505,0.2699435170324676
63,store_66,1.0889482611732135,192,-2.8386182985483175,0.7676427445564097,0.0,0.0,0.0,0.9502957276198312,0,1,0.9622652238090013,8.763454564497193e-08,0.6760524718719372,10.866656402072294,0.5299966691678802,0.7905452978329355,0.9567078235617875,0.015637163214581185,0.5159050333639861,0.20737703678263783,0.008932816316271167,0.9689005757314104,0.0,0.0,0.0,0.0,0.0,11,0.26823407945495353,6,0.8740465856402035,0.9725367882471201,7.200130916167377,-0.03177109848218838,0.06430476763861961,-0.5223666150742898,0.42358706950425246
64,store_67,0.9954787716378996,192,-1.9277603997349058,1.068994050548502,0.0,0.0,0.0,0.898943568036831,0,1,0.9605763042772697,1.1944645659276052e-07,-5.035088663374337,5.46254049178069,0.46580166968615927,0.5114425102858088,0.9250355295641617,0.018229222851248037,0.5667081602492284,0.3480716080202871,0.011670460020580805,0.8804030397092291,0.04700176476863028,0.0,0.0,0.0,0.0,15,0.3478221300900636,10,0.8484584454495163,0.9552732612702998,6.140695914501898,-0.06551054271620364,0.027561116138138032,-0.5351875165184595,0.3333239982142822
65,store_68,0.8094117830383412,192,2.9201788540893383,1.5750749593206017,0.0,0.0,0.0,0.8684690324176246,0,1,0.9783225048654283,3.743814175060966e-08,-8.42200879810055,-7.346361198705999,0.5760465153259213,0.7188101550458951,0.9379519881850782,0.020771547762759142,0.40268813138782283,0.5417649873497109,0.009195307742863515,0.9999999850988388,0.03519913072913263,0.0,0.0,0.0,0.0,26,0.5056265760761074,13,0.9827725892572878,0.9601041104788203,5.81126498305753,0.11329673215179718,0.05626681902249023,-0.44573746341456516,0.250675126156775
66,store_69,1.0127120018613074,192,-2.9965822996342606,3.4579163360672367,0.0,0.0,0.0,0.9796387992539634,0,1,0.9657451999477353,7.083592326216485e-08,-12.49854520259889,-2.0344005339561084,0.4495096791870903,0.38711044866371075,0.9699458243383826,0.038538180355061444,0.5048315103140278,0.14154896985778878,0.0031779281284340256,0.9063266671058103,0.0,0.0,0.0,0.0,0.0,21,0.31886127694598954,5,0.8486532503030151,0.973346278380042,7.797506248417056,-0.06164201523220886,0.06580471716977837,-0.43942426401478957,0.30747426106608755
67,store_7,0.981282036769329,192,-8.361386673995641,0.6184964339519725,0.0,0.0,0.0,0.8852440779528792,0,1,0.91124159427461,5.097005410890397e-07,-2.231825399653399,-2.9164192967092264,0.4626679247997683,0.38328665773804615,0.8997804983542786,0.031510123116040775,0.5347951371746147,0.3042640360801892,0.02027377287931108,0.9214964690654888,1.985299523875269e-13,0.0,0.0,0.0,0.0,8,0.4108959698545613,11,0.7224003857831135,0.942128911667803,5.949341379833206,-0.062034116481258485,0.07438720410068392,-0.47911896033039875,0.3403070868800003
68,store_70,0.8873683633275017,192,0.6715449115793435,1.8780612850531917,0.0,0.0,0.0,0.9320359136500979,0,1,0.974357792676672,4.263920444742091e-08,8.957542924902505,7.416639339272526,0.5817302613732646,0.7531092115273165,0.9650275482588089,0.03785033316283582,0.3979750106427547,0.3134369001051886,0.00385685712944825,0.9999999850988388,0.0,0.0,0.0,0.0,0.0,18,0.36706984717271846,10,0.9679783338681542,0.9703090508188833,6.723455408561113,0.11400373294461608,0.07075137455250531,-0.47051269553264685,0.29045707989825886
69,store_71,0.9395199701130633,192,-7.50110833984081,1.472892541999038,0.0,0.0,0.0,0.9476307095392342,0,1,0.9392692782984553,2.7806313869088067e-07,7.268748872782124,-3.86739917516737,0.3679719586382255,0.4627718894609132,0.9506491113205077,0.07304473132676323,0.7119949035725908,0.0858669582117953,0.008389955631258827,0.7940969736047891,6.492067005880537e-13,0.0,0.0,0.0,0.0,13,0.4471064698709533,17,0.818370122756934,0.9490393839364005,5.974596300368264,-0.22889868090100268,0.0863425130286527,-0.6152553422432191,0.4141653550534144
70,store_72,0.967850990932577,192,-10.140185044813181,2.3085037342238204,0.0,0.0,0.0,0.9202163401202229,0,1,0.9163249196329657,4.6229696142636377e-07,-9.857036313435914,3.438240340947887,0.5887519481297008,0.8213888239430572,0.9131637318079918,0.03321913444364104,0.5155573323064554,0.06879400334998163,0.034255770131517815,0.9999999850988388,0.0,0.0,0.0,0.0,0.0,14,0.4478693765269893,20,0.7452957586574364,0.9511789883551544,5.151997700098646,0.037629420075085164,0.07557889734613134,-0.4958936176291676,0.3045706267782653
71,store_73,1.0177391125766921,192,-3.9890432076201745,2.387339244892848,0.0,0.0,0.0,0.990724514518359,0,1,0.9654219741638913,8.653197915242878e-08,9.297432084125653,-4.333299240974123,0.540064369482957,0.5674225167963732,0.9595608411976556,0.0038347434804833066,0.4499722293012663,0.31006468191304215,0.003988365959586222,0.9999999850987497,9.903376555475725e-13,0.0,0.0,0.0,0.0,15,0.20211667967982097,14,0.8088338126899663,0.9777356841538423,7.749216512883524,0.02382446910435302,0.02492928587225395,-0.4854625606255671,0.2580808823233011
72,store_74,0.9229343122148717,192,-3.115899584753822,2.8855775968221677,0.0,0.0,0.0,0.9681083320024695,0,1,0.9650466198428622,9.104841443258691e-08,11.60839891028439,2.6648488112984614,0.49777090523813355,0.4901321007431543,0.9711903813596455,0.047702131567448264,0.5355752146342974,0.42076375780866854,0.007851453389683327,0.9999999850988388,0.0,0.0,0.0,0.0,0.0,20,0.3802266364838508,13,0.8795373486324873,0.9722694715226207,7.347162242105561,0.0012849363195625815,0.0868629008067614,-0.4418303346801462,0.3923587477150424
73,store_75,0.9592770392897045,192,-6.138601841415248,1.6010380692374868,0.0,0.0,0.0,0.9790601086491455,0,1,0.9561468732006462,1.7746274946690113e-07,-7.341710754340323,7.595335747667555,0.6656322373803861,0.7814185810923773,1.0034400438694207,0.07736589036064884,0.39986464175436326,0.008270382690393456,0.006859485916615738,0.9999999850988388,0.0,0.0,0.0,0.0,0.0,27,0.3140982395041036,14,0.895352137419563,0.9757681597012802,6.787162446585806,0.18638339885653538,0.08368645316527923,-0.48301558425533037,0.3177958462011456
74,store_76,0.8691300255635862,192,-3.714050949273627,2.479726649488665,0.0,0.0,0.0,0.8803891554111009,0,1,0.923915250175447,3.767410958889456e-07,-10.597560346592696,-5.5044382825036156,0.4752346964157852,0.6086448760686811,0.8840273083820676,0.03630776124906536,0.5411850382093116,0.2197784536398025,0.010270652530872714,0.8676400287721686,9.62830289536551e-15,0.0,0.0,0.0,0.0,13,0.49106066687717065,11,0.8879955661856794,0.9388170451851958,5.559971995504376,-0.11083404103643518,0.10604548996409109,-0.5145836153633085,0.44110372951742516
75,store_77,0.9989851989949482,192,-4.478726294547325,0.9150762145921568,0.0,0.0,0.0,0.9284877099847625,0,1,0.9432645603204931,2.4893862515483735e-07,1.782462264629027,11.888770830059393,0.6274932347705194,1.0313267716093513,0.948412884195785,0.03010060971407504,0.36446983389909676,0.230207754400954,0.010880856807381859,0.9999999850986835,1.8713889829504656e-13,0.0,0.0,0.0,0.0,22,0.22437424539316747,12,0.8273912317135818,0.9627834214148956,6.467116650623779,0.13481686398289897,0.07476611524856855,-0.38701265934361023,0.21560829362790412
76,store_78,0.9650449036513632,192,-14.507191295453566,0.40836366834848203,0.0,0.0,0.0,0.8005043673073695,0,1,0.8578664728971231,2.2032124488487463e-06,1.1119999541680532,2.918255608414369,0.47074711278244363,0.42925212571355703,0.8441967967113546,0.020083300334054026,0.5434295115240022,0.03580374332429966,0.13517189907171076,0.9212179802509434,0.0,0.0,0.0,0.0,0.0,11,0.48214532825357614,20,0.7075403338639576,0.9133011197430753,4.699539589860605,-0.06322884460893448,0.028335412079851203,-0.4898197945681237,0.2514677832524484
77,store_79,1.0103968054485797,192,-1.5294522793248095,3.816591111604226,0.0,0.0,0.0,1.0242437634215804,0,1,0.9885920780101013,7.838096520540693e-09,13.427366641516596,-0.061229143089892496,0.5111655333780646,0.4622077293133177,0.9726015220175148,0.019640295039768253,0.4739487435771987,0.16119186189463527,0.0003513263545409542,0.999999985098838,0.0,0.0,0.0,0.0,0.0,36,0.30566988301098863,7,0.933519717435459,0.9844994274252149,8.458269685680738,0.005546597437298057,0.031740976615603614,-0.44044221985201426,0.2224055294695012
78,store_8,0.9669575803164356,192,-6.817226743841763,1.0292840502631824,0.0,0.0,0.0,0.7864669643097586,0,1,0.9117242819539881,4.93654450469839e-07,4.379686869688788,-8.788892314883775,0.6047275335676189,0.7231079000872288,0.8943100756430878,0.016890918406504377,0.3824206775933652,0.24963510282498236,0.0758361054749237,0.9999999850972855,1.875196275900817e-12,0.0,0.0,0.0,0.0,12,0.4060722414064503,12,0.826809049307379,0.9367799646169247,4.504944602841215,0.12001585192748523,0.05264312609087224,-0.4295168075179079,0.2626643182726088
79,store_80,1.0435262254725681,192,-5.360021587051707,0.7646997303787858,0.0,0.0,0.0,0.9784771697779662,0,1,0.9508335250232781,2.1093848797474558e-07,1.1911598681590312,9.674669667498264,0.42238648862484396,0.5824890145662047,0.9870325696598435,0.06681834792614921,0.67022328659901,0.33763494579250347,0.009775840475851972,0.8155272718353305,0.0,0.0,0.0,0.0,0.0,17,0.2946407930517354,10,0.7836914156878472,0.9665427765859064,7.345570744752601,-0.21138712621270475,0.1029631695279326,-0.6174456148613368,0.4896712094270427
80,store_81,1.0396368282018358,192,0.0999304151896307,3.5322713503006526,0.0,0.0,0.0,0.9956112893154967,0,1,0.9834218983166079,2.236998123660869e-08,12.808910569208297,3.9798078744911347,0.5621072554004424,0.9156797593126106,0.9627814342629959,0.06813154553052103,0.4655269959290774,0.19913695070431428,0.0005298104896689673,0.9651359144083188,2.871073675286297e-16,0.0,0.0,0.0,0.0,25,0.31667140375416303,9,0.9527682203688665,0.9800282265508878,8.113347313934314,-0.03492496937298796,0.14219752426646004,-0.5150879398259723,0.39388864107842597
81,store_82,1.039138174959491,192,2.091745833624497,3.5315517214524506,0.0,0.0,0.0,0.9359524146473832,0,1,0.9842978479808606,1.9818780588432303e-08,-12.848973556421903,-3.0547487868880614,0.46839462969723394,0.5267056041331719,0.9437738370938437,0.02012123068137735,0.4665673978576152,0.014252941088702889,0.002983644748286216,0.9792837950885291,0.0,0.0,0.0,0.0,0.0,35,0.38307638386423526,1,0.9553860312316974,0.9688448664473256,7.313001938363945,-0.017833157509397096,0.0625170136213301,-0.47699890932811223,0.2584235594983796
82,store_83,1.0448942412377717,192,-2.8689813448569517,3.6162769056676356,0.0,0.0,0.0,1.0074094702903578,0,1,0.9703626578681156,6.830373955533245e-08,12.739708538218402,-0.1197511067211908,0.5431796182298236,0.5210431945989406,0.9714283217305295,0.043844271518902425,0.3869353073359025,0.2378461923444144,0.0031876865526179,0.9999999850988376,0.0,0.0,0.0,0.0,0.0,13,0.24502207635329087,11,0.8559665024729454,0.979431780445918,8.244103214760159,0.0751201389385623,0.06409304677998331,-0.36487380147562026,0.1853361091140488
83,store_84,1.0348289150542644,192,-1.471110964902543,3.7475021872402623,0.0,0.0,0.0,0.9961149310507091,0,1,0.9795038675755575,3.6039207022450905e-08,-13.31903251104259,-0.9094820607021736,0.46769844601749855,0.6129523624881106,0.9719012668833489,0.048678862748114726,0.5793609012012757,0.21351479753376856,0.0014831831012840973,0.8449067629819028,0.0,0.0,0.0,0.0,0.0,16,0.3261494893183028,17,0.8918439065079667,0.9773530807576093,7.8662664044924595,-0.14133458352971337,0.07393363213209377,-0.5303586073961999,0.33136035874559494
84,store_85,0.9877157117076414,192,-1.9723904485638966,1.8515655314875556,0.0,0.0,0.0,0.9573533401982927,0,1,0.9688737751758848,6.330347827179104e-08,8.059151041784535,9.475887387980158,0.5606677343277519,0.5577660269004701,0.9715003844486604,0.027782178428361705,0.5157539990052944,0.18827778557121222,0.0044766990629379715,0.9999999850988388,0.0,0.0,0.0,0.0,0.0,26,0.31069391570906973,18,0.9490280691575947,0.9736304138429623,6.945807862340146,0.021704937290154658,0.035542227511762794,-0.49236370393354495,0.312540812091792
85,store_86,0.9982226395356714,192,0.6159865199102167,3.233550335510167,0.0,0.0,0.0,0.9763317294527505,0,1,0.9842700237967785,1.7957507258676602e-08,12.258010160706494,4.498971945742678,0.5971101584556107,0.7717518355598452,0.9572011644926827,0.02500901863328204,0.4449623826673319,0.07630043032616812,0.00259539869100818,0.9999999850988388,0.0,0.0,0.0,0.0,0.0,30,0.3770647088267211,9,0.9760487249151166,0.9770970201825001,7.598236479943068,0.08153980157353559,0.07657363038011859,-0.42403313130001474,0.23883968079983298
86,store_87,1.0478281910251985,192,-0.3323609160210731,2.721639365840148,0.0,0.0,0.0,0.9997895336627347,0,1,0.9910547983963297,4.553045846605779e-09,11.442083519096691,2.4766724973835377,0.5733317583512172,0.4927568789461342,0.9767184326692131,0.0821020480823984,0.43567542497293527,0.1013411070386825,0.0022949354813276523,0.9999999850988388,0.11268736505266412,0.0,0.0,0.0,0.0,52,0.34592245500484414,13,0.982265918573174,0.9842958954687557,8.04758293682321,0.1693850149763129,0.1354957956215441,-0.4276927136162101,0.20989168279249024
87,store_88,0.9566015336425373,192,0.43798452742012406,2.9671983450057597,0.0,0.0,0.0,0.9623707564252584,0,1,0.9789479301960147,3.098519390083024e-08,-11.400401116009494,-5.9433139366917835,0.5053843244206301,0.4716506146675077,0.9592331814819057,0.03513308423947442,0.5522723414273771,0.17029703009144867,0.0026879475564689373,0.9373943992937224,0.0,0.0,0.0,0.0,0.0,23,0.3334577391290663,9,0.9393491710300549,0.9721021163859904,7.219457372342873,-0.07835625325151317,0.05931137780128972,-0.595809305479506,0.503678558248277
88,store_89,0.9988486132324164,192,0.496600489050069,3.52266707756722,0.0,0.0,0.0,1.0211111379564897,0,1,0.9965337123641922,8.555009581549574e-10,-12.72496257625711,-4.524378556156208,0.6024327269625841,0.6988720168725832,0.9942092007348292,0.028305856889158362,0.4113363443608478,0.4675379384175245,0.00016575043239117684,0.9999999850988388,0.026732925693889745,0.0,0.0,0.0,0.0,56,0.29168551344446253,5,0.9855391525019492,0.9885224765520807,8.53073300562657,0.11190704016725234,0.0488725316962992,-0.5027711330351954,0.28976054100856974
89,store_9,0.9850802686627513,192,-2.0642358940320893,2.079380454000721,0.0,0.0,0.0,0.8967948541941575,0,1,0.9566127246597064,1.348984939670967e-07,-9.085345371695539,-7.373333206201975,0.5505023670502468,0.4759744123785253,0.9446523921239514,0.043715087083994915,0.5077802497283438,0.4612834386691003,0.008105747738697267,0.9999999850988388,1.824090070983577e-14,0.0,0.0,0.0,0.0,15,0.3833843466770812,21,0.8582363040659657,0.9576279977801547,6.487161246987278,0.05711711411928848,0.07004207589497027,-0.43328704911053095,0.32788247940169357
90,store_90,0.9588408307959302,192,-9.661811155951126,0.7616485386137731,0.0,0.0,0.0,0.889669811445502,0,1,0.9020956662452371,4.5849258537339857e-07,-2.7160059436734514,-8.776208684080736,0.5744334449502971,0.7903247532599041,0.9236211620947612,0.026971474390462012,0.46696315472813793,0.03494247811710061,0.039506823251861396,0.9999999850988379,5.734592252164031e-15,0.0,0.0,0.0,0.0,15,0.4033988068759206,15,0.8228189230233667,0.9511580341956304,5.693921980232778,0.04435991572351168,0.06593559207342138,-0.45209563395824526,0.26733093888290366
91,store_91,0.9515848114119119,192,-3.178779475393928,3.1388619931673074,0.0,0.0,0.0,0.9832362052905703,0,1,0.9641503638365819,7.170403878990654e-08,11.51844755518054,4.12798478014645,0.48849377695077467,0.532396349419106,0.9681474797483578,0.02714568370355253,0.5081636162779406,0.4721938310297602,0.009239969261715204,0.9092027160629391,0.0,0.0,0.0,0.0,0.0,12,0.23436197592201397,16,0.7811912256460983,0.9778686266944238,8.085893198247078,-0.08691756472161231,0.05493604657494137,-0.5388307308693879,0.40659257672866944
92,store_92,0.9571152667011112,192,-3.4441660101460974,1.014946142761235,0.0,0.0,0.0,0.9237765133641171,0,1,0.9617006213701972,1.5526389162809251e-07,4.907847324689593,-5.145823772536678,0.5695327877297642,0.5175424161929572,0.9597456718544533,0.01640578869680701,0.46370730539564897,0.06450878851366333,0.03020882576101596,0.9999999850988361,0.0,0.0,0.0,0.0,0.0,13,0.354388778797659,14,0.8808376062070216,0.9695680998282572,6.5295398038905565,0.071630005617856,0.03283045194890734,-0.49092515818190585,0.2802718016161349
93,store_93,0.9459106088200938,192,1.6832386080567319,3.05012348988793,0.0,0.0,0.0,0.9304616707086153,0,1,0.973891137985397,7.130469433218291e-08,-11.782499952443775,-6.625078745227033,0.5244357803497897,0.6566530744702708,0.9497046243226069,0.02259831603157392,0.43901889894890017,0.1620783180968998,0.0021694116175774983,0.9993660631611286,2.3287197136235575e-14,0.0,0.0,0.0,0.0,23,0.3954952581879832,13,0.9614851597677757,0.9649873666136635,6.948040815963164,-0.0005332602147035358,0.057653407711594704,-0.46286689699312183,0.23851404351122737
94,store_94,1.0214636535621198,192,-1.5285774499078186,3.4222850816756227,0.0,0.0,0.0,1.0019704022000981,0,1,0.9802643636359123,2.1538894919576602e-08,12.441741715075882,4.486531401231127,0.6134450983623679,0.6468897732834716,1.0158341074442416,0.09687093061574265,0.39447758686787854,0.19813244194676272,0.0013702315331408463,0.9999999850875955,5.178941881096801e-11,0.0,0.0,0.0,0.0,17,0.29929418230008226,13,0.9422027254186586,0.9857731846389189,8.152386927499265,0.1735794074731489,0.09619456722300922,-0.35560976673508565,0.33589321013760715
95,store_95,1.0433464971273037,192,-0.8031934419584217,1.9281167839279023,0.0,0.0,0.0,0.985910288256362,0,1,0.9741172831138836,4.825930647806857e-08,-7.934082562550893,-9.368929409026602,0.513423582358514,0.7798467168641245,0.9715997962904128,0.021464219197478235,0.5247209066858073,0.3754299488921422,0.0026050821216397606,0.8992773081440948,3.1697256578555645e-14,0.0,0.0,0.0,0.0,28,0.19768906590636973,11,0.8695557987939693,0.9787069244130134,8.06554561916336,-0.10425156311352013,0.03475406464225762,-0.5546968806052711,0.35395207306643633
96,store_96,1.0051175931755716,192,-4.907948033935881,0.753480217838267,0.0,0.0,0.0,0.9786720467644042,0,1,0.9485423315307444,3.558498137705075e-07,-0.9885270335064682,-9.082083171969511,0.5650477981760264,0.5654704578926889,0.9904495993602748,0.037385317781704744,0.3623717837732301,0.08173113619227096,0.005814649791031397,0.9999999850988388,0.0,0.0,0.0,0.0,0.0,15,0.28981866956662555,8,0.8757815899727387,0.9740285695841852,7.521720435547942,0.08567934184153962,0.0786232867526471,-0.3628914161386172,0.2502118104927391
97,store_97,1.0009849740312586,192,-2.34843240613709,1.2806135404807901,0.0,0.0,0.0,0.9584385377213389,0,1,0.9678040797372752,6.13067080225618e-08,-5.064586834114698,-11.361167067948294,0.6460294993592253,1.0248351479388544,0.9974319079511917,0.04538563999281725,0.4246848203087888,0.1480057979781372,0.0017633352989291683,0.9999999850988388,0.0,0.0,0.0,0.0,0.0,18,0.22992399932475688,10,0.9433408596899902,0.9755184125700606,6.731218874914007,0.08472385296361618,0.07312087809450503,-0.496233058339309,0.2722882211970441
98,store_98,1.018805086973667,192,-0.7057721245948705,3.4262579454374418,0.0,0.0,0.0,0.9972914200441365,0,1,0.9762884410654522,4.8194172640309325e-08,12.271297378826944,0.7629942024152996,0.45690588503489954,0.5270414598981148,0.9780631347565043,0.05177554197230591,0.4999404342511586,0.513150250916909,0.001057728802664787,0.9100869861650623,0.0,0.0,0.0,0.0,0.0,15,0.21096206077878266,7,0.8046326476338295,0.975077175308619,8.27254220416808,-0.09419975666852858,0.07381386994658908,-0.5756528403492357,0.4171248153637416
99,store_99,1.1178538868189305,192,-3.963701665350637,2.357662815059437,0.0,0.0,0.0,1.0010854329730052,0,1,0.9752287343400777,5.4807258590352376e-08,-9.67880577922421,6.412198614619969,0.4666619907170508,0.5790161841314418,0.9804818299345668,0.03523399644276768,0.6534940512368792,0.4972626364831501,0.0038870401030429874,0.9189163532761601,5.099007920434712e-14,0.0,0.0,0.0,0.0,20,0.2830749703278345,12,0.9006239131042226,0.978847085461834,7.794717270950742,-0.07527045788873746,0.09067981438737201,-0.5116797886035304,0.34486177707390564
